AIRPORTCODE,CITYCODE
lhr,lon
man,man
lgw,lon
bcn,bcn
ams,ams
bkk,bkk
dub,dub
mad,mad
dme,mow
fco,rom
hkg,hkg
stn,lon
led,led
cdg,par
sin,sin
ist,ist
jfk,nyc
icn,sel
syd,syd
ath,ath
tpe,tpe
agp,agp
bhx,bhx
svo,mow
pmi,pmi
mxp,mil
nrt,tyo
lax,lax
lis,lis
prg,prg
edi,edi
muc,muc
fra,fra
mel,mel
dxb,dxb
vko,mow
alc,alc
kix,osa
dps,dps
dmk,bkk
cph,cph
zrh,zrh
kul,kul
saw,ist
ltn,lon
tlv,tlv
sip,sip
dus,dus
bud,bud
txl,ber
mnl,mnl
ayt,ayt
tfs,tci
hkt,hkt
mco,orl
gla,gla
bru,bru
waw,waw
per,per
vie,vie
arn,sto
aer,aer
del,del
gva,gva
yyz,yto
vce,vce
bne,bne
fao,fao
ory,par
akl,akl
gru,sao
hel,hel
bgy,mil
ibz,ibz
mia,mia
sfo,sfo
lca,lca
skg,skg
sxf,ber
las,las
cgk,jkt
ham,ham
otp,buh
ema,nqt
sgn,sgn
hnd,tyo
bom,bom
bon,bon
svx,svx
nap,nap
opo,opo
brs,brs
blq,blq
ncl,ncl
adb,izm
cia,rom
ord,chi
nce,nce
cta,cta
ace,ace
str,str
lba,lba
ovb,ovb
lpl,lpl
cun,cun
lpa,lpa
dlm,dlm
osl,osl
cgn,cgn
krr,krr
ewr,nyc
cmb,cmb
pek,bjs
mex,mex
pvg,sha
vlc,vlc
cai,cai
yvr,yvr
mla,mla
lin,mil
bos,bos
kbp,iev
her,her
cnx,cnx
gig,rio
bog,bog
han,han
krk,krk
jnb,jnb
svq,svq
hav,hav
bva,par
fll,mia
psa,psa
bio,bio
hnl,hnl
oka,oka
esb,ank
rak,rak
pmo,pmo
lim,lim
ein,ein
yul,ymq
rix,rix
wmi,waw
eze,bue
crl,bru
lcy,lon
scl,scl
trn,trn
fuk,fuk
fue,fue
pus,pus
sof,sof
vvo,vvo
pfo,pfo
jed,jed
kef,rek
jtr,jtr
cpt,cpt
lga,nyc
bsl,eap
mrs,mrs
abz,abz
lys,lys
mrv,mrv
vno,vno
atl,atl
ruh,ruh
rov,rov
bfs,bfs
bri,bri
flr,flr
ufa,ufa
maa,maa
usm,usm
got,got
ssh,ssh
rho,rho
kbv,kbv
aaq,aaq
cts,spk
gdn,gdn
beg,beg
haj,haj
iad,was
bjv,bjv
zag,zag
dfw,dfw
bey,bey
bhd,bfs
adl,adl
spu,spu
doh,doh
kgd,kgd
cok,cok
tbs,tbs
blr,blr
goi,goi
cfu,cfu
sea,sea
auh,auh
mah,mah
tll,tll
mle,mle
hyd,hyd
den,den
khh,khh
kuf,kuf
chc,chc
ngo,ngo
kzn,kzn
cmn,cas
gmp,sel
dbv,dbv
iah,hou
can,can
tsf,vce
isb,isb
evn,evn
kwi,kwi
kja,kja
yyc,yyc
chq,her
ork,ork
tls,tls
ceb,ceb
ktm,ktm
kiv,kiv
sjo,sjo
cns,cns
tiv,tiv
ada,ada
ool,ool
wro,wro
boj,boj
cek,cek
cag,cag
khv,khv
msq,msq
ikt,ikt
bod,bod
fnc,fnc
vrn,vrn
amm,amm
ika,thr
ccs,ccs
sju,sju
lhe,lhe
tpa,tpa
hhn,fra
tfn,tci
gyd,bak
rep,rep
tun,tun
los,los
tia,tia
nrn,dus
ssa,ssa
san,san
scq,scq
ecn,ecn
oms,oms
nbo,nbo
cju,cju
pnh,pnh
cwl,cwl
msp,msp
phl,phl
pee,pee
jmk,jmk
nue,nue
pik,gla
dmm,dmm
mjv,mjv
suf,suf
phx,phx
dtw,dtt
snn,snn
pen,pen
bsb,bsb
bgo,bgo
tjm,tjm
dad,dad
hrg,hrg
for,for
ktw,ktw
asr,asr
bll,bll
bwi,was
puj,puj
bah,bah
amd,amd
rec,rec
fru,fru
bre,bre
mru,mru
gdl,gdl
poa,poa
bds,bds
tzx,tzx
aho,aho
sgc,sgc
goa,goa
sen,lon
olb,olb
uio,uio
rgn,rgn
tas,tas
mmk,mmk
msy,msy
mct,mct
ccu,ccu
nyo,sto
lux,lux
wlg,wlg
gro,gro
nte,nte
dac,dac
pdx,pdx
sdq,sdq
sou,sou
rtm,rtm
khi,khi
szg,szg
yeg,yea
cnf,bhz
goj,goj
alg,alg
dca,was
mfm,mfm
pty,pty
gzt,gzt
ryg,osl
lju,lju
ala,ala
drw,drw
jer,jer
kgs,kgs
mde,mde
yks,yks
urt,urt
sdu,rio
acc,acc
tsa,tpe
nan,nan
lgk,lgk
ods,ods
zth,zth
slc,slc
hdy,hdy
gum,gum
cwb,cwb
poz,poz
bki,bki
cgh,sao
uus,uus
tng,tng
svg,svg
dtm,dtm
clt,clt
mbj,mbj
skp,skp
sub,sub
tgd,tgd
var,var
vog,vog
aus,aus
mcx,mcx
mvd,mvd
jog,jog
sez,sez
lwo,lwo
ctu,ctu
cuz,cuz
tof,tof
iev,iev
klo,klo
sha,sha
zqn,zqn
gua,gua
nux,nux
ctg,ctg
bts,bts
clo,clo
tps,tps
dar,dar
sjj,sjj
trv,trv
fln,fln
reu,reu
rdu,rdu
boh,boh
njc,njc
aga,aga
lop,ami
yow,yow
gdz,gdz
grx,grx
szf,ssx
uth,uth
igu,igu
lej,lej
gye,gye
diy,diy
vte,vte
add,add
aep,bue
atq,atq
inv,inv
sdr,sdr
hba,hba
ext,ext
rmq,rmq
ebl,ebl
prn,prn
bgi,bgi
pdl,pdl
oss,oss
tse,tse
ovd,ovd
pkc,pkc
itm,osa
bna,bna
znz,znz
buf,buf
rsw,fmy
hre,hre
nat,nat
arh,arh
lcg,lcg
hbe,aly
dur,dur
vcp,cpq
asf,asf
dkr,dkr
ebb,ebb
fez,fez
zad,zad
mga,mga
gyn,gyn
bax,bax
cei,cei
lpq,lpq
clj,clj
noc,noc
mao,mao
szx,szx
ndr,ndr
trs,trs
inn,inn
ywg,ywg
kya,kya
xry,xry
yhz,yhz
yic,yic
nbe,nbe
lpb,lpb
sal,sal
xmn,xmn
cle,cle
trd,trd
mty,mty
ogg,ogg
cxr,nha
aua,aua
pps,pps
xiy,sia
oak,oak
krt,krt
drs,drs
tos,tos
trf,osl
gzp,gzp
vgo,vgo
stl,stl
kin,kin
sfb,orl
stw,stw
fkb,fkb
tao,tao
mci,mkc
efl,efl
cbr,cbr
smf,sac
gib,gib
mba,mba
vix,vix
nas,nas
dyu,dyu
sxb,sxb
bqs,bqs
mph,mph
sat,sat
med,med
lei,lei
ind,ind
kno,mes
dsa,dsa
puy,puy
voz,voz
kmg,kmg
koj,koj
aal,aal
ogz,ogz
aoi,aoi
fmm,fmm
pvr,pvr
pit,pit
mcz,mcz
mjt,mjt
hty,hty
mpl,mpl
mdw,chi
ptp,ptp
ren,ren
tij,tij
jax,jax
scw,scw
vra,vra
rze,rze
rba,rba
kbl,kbl
biq,biq
hgh,hgh
syx,syx
sjc,sjc
ccj,ccj
pnq,pnq
noz,noz
crk,ncp
fdf,fdf
yqb,yqb
szb,kul
foc,foc
bel,bel
run,run
kej,kej
pos,pos
erz,erz
hrb,hrb
wuh,wuh
dlc,dlc
nqy,nqy
kun,kun
jsi,jsi
ias,ias
uud,uud
reg,reg
bdo,bdo
pqc,pqc
she,she
iom,iom
cvg,cvg
hta,hta
isg,isg
ubp,ubp
pbi,pbi
lad,lad
shj,shj
dnk,dnk
sid,sid
kch,kch
nbc,nbc
kkc,kkc
bia,bia
vvi,srz
cmh,cmh
psr,psr
bus,bus
van,van
cgb,cgb
mem,mem
ezs,ezs
lbd,lbd
ckg,ckg
hij,hij
tsr,tsr
sna,sna
jai,jai
dwc,dxb
jpa,jpa
sjd,sjd
rvn,rvn
uln,uln
ego,ego
mmx,mma
bdl,hfd
dje,dje
asu,asu
cor,cor
hrk,hrk
nkg,nkg
tsv,tsv
bps,bps
plz,plz
avv,mel
sdj,sdj
nav,nav
szz,szz
grz,grz
fmo,fmo
jhb,jhb
bgw,bgw
nsk,nsk
slz,slz
dvo,dvo
gci,gci
anc,anc
wdh,wdh
lmp,lmp
mlx,mlx
dnz,dnz
pap,pap
sap,sap
tnr,tnr
hou,hou
gnb,gnb
baq,baq
egc,egc
lir,lir
jro,jro
trz,trz
bjl,bjl
lst,lst
abv,abv
spc,spc
smr,smr
kmj,kmj
koa,koa
nwi,nwi
pvk,pvk
gdx,gdx
oud,oud
rtw,rtw
kbr,kbr
adz,adz
bma,sto
chs,chs
gcm,gcm
pop,pop
the,the
aes,aes
cgr,cgr
hti,hti
mqm,mqm
lko,lko
pbm,pbm
bze,bze
lun,lun
lbj,lbj
pei,pei
zaz,zaz
krs,krs
aja,aja
isu,isu
vns,vns
edo,edo
elq,elq
dla,dla
apw,apw
aju,aju
asp,asp
stt,stt
aba,aba
vas,vas
mmy,mmy
ciy,ciy
abq,abq
bcm,bcm
myj,myj
eas,eas
mke,mke
csx,csx
dal,dfw
smi,smi
ccf,ccf
brq,brq
mdl,mdl
orf,orf
ppt,ppt
oma,oma
peg,peg
anu,anu
ngs,ngs
yyj,yyj
ldy,ldy
gny,sfq
nvt,nvt
ppp,ppp
tgu,tgu
kut,kut
lcj,lcj
oul,oul
sxr,sxr
yxe,yxe
ric,ric
upg,upg
rai,rai
kir,kir
igr,igr
kwl,kwl
fdh,fdh
mdz,mdz
okc,okc
rno,rno
abj,abj
rns,rns
mhd,mhd
sti,sti
ytz,yto
utp,utp
lih,lih
ixe,ixe
mpm,mpm
srg,srg
tmp,tmp
ixc,ixc
mqf,mqf
bme,bme
pad,pad
elp,elp
noj,noj
nal,nal
cgo,cgo
lrh,lrh
lig,lig
yqr,yqr
bwn,bwn
uvf,slu
spn,spn
njf,njf
kgl,kgl
ylw,ylw
fte,fte
ayq,ayq
ont,ont
hak,hak
udi,udi
nou,nou
hma,hma
ulv,uly
roc,roc
tus,tus
lil,lil
tae,tae
kmi,kmi
orn,orn
nst,nst
rmi,rmi
cgq,cgq
mst,mst
urc,urc
tln,tln
rar,rar
yyt,yyt
tku,tku
pls,pls
sdf,sdf
klx,klx
mid,mid
ios,ios
mcy,mcy
syr,syr
axd,axd
skd,skd
nng,nng
bzg,bzg
ijk,ijk
tag,tag
pvd,pvd
bga,bga
bes,bes
cjb,cjb
ldb,ldb
bjx,bjx
tsn,tsn
btk,btk
ume,ume
bzr,bzr
pgf,pgf
ntl,ntl
rao,rao
mme,mme
sav,sav
luz,luz
grr,grr
kvd,kvd
kgf,kgf
grv,grv
oit,oit
lla,lla
mky,mky
krn,krn
hlp,jkt
vtz,vtz
gps,gps
kva,kva
jkh,jkh
ush,ush
dsm,dsm
pvh,pvh
sbz,sbz
lnz,lnz
okj,okj
myr,myr
huy,huy
pdg,pdg
bpn,bpn
kvx,kvx
crv,crv
wnz,wnz
ixz,ixz
hog,hog
dud,dud
ksc,ksc
ukb,ukb
jdo,jdo
bhm,bhm
tul,tul
ksy,ksy
sly,sly
fat,fat
boo,boo
vln,vln
lgb,lgb
mln,mln
ixb,ixb
bda,bda
gnd,gnd
vxe,vxe
kmq,kmq
boi,boi
bvc,bvc
geg,geg
hkd,hkd
pez,pez
brn,brn
ioa,ioa
mdc,mdc
bth,bth
usu,usu
ivl,ivl
bnk,bnk
fsc,fsc
fih,fih
day,day
lde,lde
asb,asb
aar,aar
cjj,cjj
gau,gau
rjk,rjk
csy,csy
pns,pns
bdq,bdq
udr,udr
tst,tst
syz,syz
pew,pew
rgk,rgk
erc,erc
tgg,tgg
ogu,ogu
kij,kij
tak,tak
ngb,ngb
pmf,pmf
oax,oax
llw,llw
iph,iph
idr,idr
cmf,cmf
cit,cit
alb,alb
tys,tys
brc,brc
puq,puq
ozh,ozh
vli,vli
kta,kta
eyw,eyw
pat,pat
ixm,ixm
tgz,tgz
lit,lit
mir,mir
mar,mar
zyl,zyl
anr,anr
gsp,gsp
tgm,tgm
tbu,tbu
uyu,uyu
pwm,pwm
cjc,cjc
tna,tna
ilo,ilo
nsi,yao
ter,ter
gso,gso
pna,pna
vll,vll
hau,hau
mgf,mgf
bcd,bcd
bqn,bqn
cuc,cuc
nsn,nsn
fni,fni
ver,ver
svd,svd
phs,phs
hui,hui
bsr,bsr
roi,roi
btv,btv
feg,feg
ljg,ljg
sll,sll
rok,rok
sjp,sjp
aca,aca
ahb,ahb
aqp,aqp
glt,glt
ukk,ukk
kro,kro
bbi,bbi
aok,aok
lxr,lxr
msr,msr
vfa,vfa
eth,eth
vst,sto
nym,nym
sno,sno
grq,grq
ixl,ixl
skt,skt
tif,tif
agu,agu
plq,plq
vaa,vaa
yzf,yzf
fsz,fsz
cfs,cfs
osr,osr
plm,plm
ktt,ktt
sco,sco
geo,geo
sla,sla
buq,buq
nag,nag
ict,ict
nkt,nkt
srq,srq
fen,fen
hga,hga
mht,mht
pom,pom
mlm,mlm
cuf,cuf
grj,grj
dnr,dnr
bur,bur
pnl,pnl
ixj,ixj
lug,lug
cgy,cgy
ynt,ynt
cuu,cuu
cnd,cnd
kcm,kcm
lbc,ham
ynb,ynb
asm,asm
joi,joi
jnx,jnx
lpp,lpp
fpo,fpo
ynj,ynj
psp,psp
mjz,mjz
phe,phe
tac,tac
ror,ror
rmf,rmf
sdk,sdk
eve,eve
soc,soc
lex,lex
vdc,vdc
mux,mux
mzt,mzt
iqt,iqt
mzh,mzh
klu,klu
stm,stm
myy,myy
raj,raj
gbe,gbe
scn,scn
lrm,lrm
tkg,tkg
pmw,pmw
pxm,pxm
tdx,tdx
mlo,mlo
khe,khe
lxa,lxa
ugc,ugc
usk,usk
cak,cak
pku,pku
bhk,bhk
bzn,bzn
vby,vby
aoj,aoj
pnz,pnz
tab,tab
xna,fyv
jib,jib
kgi,kgi
ymm,ymm
nnm,nnm
fae,fae
puf,puf
yqm,yqm
bko,bko
ipc,ipc
nnt,nnt
tuf,tuf
oua,oua
ckz,ckz
koi,koi
lyr,lyr
cfe,cfe
lsi,sdz
mlg,mlg
tnn,tnn
rtb,rtb
cae,cae
bfv,bfv
pas,pas
pdv,pdv
lxs,lxs
dab,dab
khn,khn
pmv,pmv
dgt,dgt
toy,toy
knh,knh
loe,loe
yqg,yqg
pmc,pmc
ded,ded
mfe,mfe
cjs,cjs
axt,axt
kwe,kwe
swa,swa
osw,osw
phc,phc
slp,slp
kos,kos
cos,cos
aor,aor
npe,npe
twu,twu
dli,dli
akj,akj
adf,adf
msn,msn
fna,fna
pri,pri
lfw,lfw
lvi,lvi
ner,ner
osd,osd
scu,scu
czm,czm
ito,ito
pnk,pnk
kwj,kwj
yei,yei
axm,axm
jjn,jjn
tju,tju
hmo,hmo
igd,igd
tbz,tbz
vsa,vsa
mcp,mcp
coo,coo
bzo,bzo
soq,soq
acy,aiy
cly,cly
qro,qro
fai,fai
cra,cra
lpi,lpi
pxo,pxo
cul,cul
wat,wat
lgg,lgg
alf,alf
mol,mol
xnb,dxb
lpt,lpt
rpr,rpr
cbb,cbb
ros,ros
cay,cay
hfe,hfe
cky,cky
erf,erf
zih,zih
bhj,bhj
vda,vda
eug,eug
ark,ark
wux,wux
bob,bob
bho,bho
bal,bal
jdh,jdh
mgq,mgq
hux,hux
cid,cid
plu,bhz
kkn,kkn
yxu,yxu
tzl,tzl
eis,eis
kcz,kcz
kua,kua
czl,czl
ilm,ilm
kop,kop
btj,btj
sre,sre
bli,bli
guw,guw
pis,pis
hla,jnb
lpk,lpk
sgf,sgf
hvb,hvb
fsd,fsd
rbr,rbr
cjm,cjm
dol,dol
els,els
aji,aji
ecp,pfn
mdt,har
dnd,dnd
aqj,aqj
mql,mql
uct,uct
pbc,pbc
amq,amq
jub,jub
skx,skx
blz,blz
vps,vps
kkj,kkj
hor,hor
urs,urs
esu,esu
lap,lap
ttn,phl
hsv,hsv
lgp,lgp
ifn,ifn
bdj,bdj
imp,imp
jan,jan
pwq,pwq
ccc,ccc
syy,syy
mqp,mqp
akx,akx
tjq,tjq
yyg,yyg
sft,sft
far,far
tlh,tlh
ifo,ifo
yqt,yqt
stx,stx
ggt,ggt
nma,nma
deb,deb
skb,skb
ixr,ixr
nyu,nyu
hpn,hpn
tjk,tjk
kuo,kuo
cee,cee
mfr,mfr
mab,mab
abx,abx
yiw,yiw
gpa,gpa
asj,asj
cgp,cgp
yfc,yfc
avl,avl
bvb,bvb
osi,osi
pse,pse
cha,cha
hsg,hsg
nay,bjs
pqq,pqq
zcl,zcl
weh,weh
pem,pem
rot,rot
dom,dom
koe,koe
let,let
azn,azn
qsf,qsf
vga,vga
tlc,tlc
lhw,lhw
trc,trc
mmb,mmb
gnv,gnv
yqy,yqy
bdb,bdb
jac,jac
kfs,kfs
suv,suv
mlh,mlh
moc,moc
tyn,tyn
yxy,yxy
mzg,mzg
isa,isa
kuh,kuh
kvk,kvk
tip,tip
lbv,lbv
nkc,nkc
ozz,ozz
mxl,mxl
kok,kok
kzr,kzr
klv,klv
pmr,pmr
cdt,cdt
psc,psc
bja,bja
btr,btr
xap,xap
tir,tir
bil,bil
tms,tms
sah,sah
myd,myd
jik,jik
snu,snu
cho,cho
dle,dle
dza,dza
tat,tat
sdl,sdl
npl,npl
ebu,ebu
dyr,dyr
ahu,ahu
cpv,cpv
rap,rap
naw,naw
ped,ped
pbg,plb
cue,cue
mtr,mtr
ksn,ksn
pkr,pkr
yka,yka
rob,mlw
ubj,ubj
maf,maf
cfr,cfr
bso,bso
ost,ost
eoh,mde
yqu,yqu
fnt,fnt
tuu,tuu
ise,ise
ixu,ixu
ges,ges
lbb,lbb
roa,roa
hph,hph
bve,bve
tks,tks
pkz,pkz
cfn,cfn
izo,izo
slu,slu
vil,vil
krp,krp
tam,tam
abe,abe
cac,cac
xnn,xnn
dil,dil
get,get
mso,mso
yxs,yxs
mob,mob
pkn,pkn
dyg,dyg
joe,joe
sbw,sbw
fwa,fwa
ops,ops
nop,nop
klr,klr
bjm,bjm
bgg,bgg
sba,sba
bzv,bzv
nkm,ngo
knx,knx
kxk,kxk
ase,ase
tlm,tlm
jul,jul
nla,nla
heh,heh
sjw,sjw
bxu,bxu
etz,etz
iqq,iqq
tru,tru
crp,crp
lao,lao
bgr,bgr
giz,giz
atm,atm
anf,anf
phf,phf
ohd,ohd
tbw,tbw
piu,piu
crw,crw
djj,djj
shv,shv
mlb,mlb
jkl,jkl
emd,emd
aoe,aoe
bhe,bhe
grb,grb
rnn,rnn
mli,mli
gbb,gbb
fay,fay
unn,unn
rlg,rlg
ths,ths
gpt,gpt
tap,tap
fca,fca
gwt,gwt
hds,hds
sbh,sbh
gis,gis
pix,pix
iwa,iwa
pac,pty
dgo,dgo
ene,ene
ama,ama
kao,kao
mof,mof
mhh,mhh
mub,mub
ppb,ppb
ttt,ttt
ssg,ssg
jtc,bau
obo,obo
wvb,wvb
inc,inc
bnx,bnx
het,het
aae,aae
agh,agh
rdz,rdz
vxo,vxo
lft,lft
kit,kit
tvc,tvc
ivc,ivc
yxx,yxx
ysj,ysj
ags,ags
usn,usn
zlo,zlo
uua,uua
ydf,ydf
lea,lea
pgk,pgk
imf,imf
tay,tay
pso,pso
ycd,ycd
evv,evv
yxj,yxj
bla,bla
oaj,oaj
pnr,pnr
orl,orl
zha,zha
lyp,lyp
ksu,ksu
ygj,ygj
teq,teq
jnu,jnu
yqq,yqq
trg,trg
tri,tri
lbu,lbu
zuh,zuh
jty,jty
sku,sku
sbn,sbn
rex,rex
mzl,mzl
dhm,dhm
hof,hof
zco,zco
djb,djb
zam,zam
ncu,ncu
wga,wga
tuc,tuc
avn,avn
bis,bis
kaj,kaj
rdm,rdm
ari,ari
asw,asw
boc,boc
pie,clw
pia,pia
sxz,sxz
ksd,ksd
nim,nim
cxj,cxj
rel,rel
ndj,ndj
bro,bro
avp,avp
maq,maq
elh,elh
pkv,pkv
pbh,pbh
hir,hir
sce,sce
plo,plo
gjt,gjt
rkv,rek
bmu,bmu
lwn,lwn
oxb,oxb
hun,hun
lrs,lrs
epr,epr
nos,nos
jkg,jkg
btu,btu
len,len
mzv,mzv
blk,blk
has,has
brm,brm
vly,vly
mra,mra
hrl,hrl
brr,brr
mzr,mzr
tmj,tmj
pfb,pfb
ach,ach
mry,mry
msj,msj
snw,snw
lrt,lrt
tmw,tmw
ccp,ccp
tug,tug
mkz,mkz
jsh,jsh
jyv,jyv
ksh,ksh
vup,vup
lnk,lnk
grk,ile
hah,yva
gtf,gtf
eyk,eyk
ixa,ixa
dbo,dbo
ykf,ykf
zne,zne
aza,phx
nva,nva
ksf,ksf
arm,arm
gmz,gmz
ily,ily
cap,cap
hac,hac
llk,llk
cwa,auw
mgm,mgm
yhm,yhm
enu,enu
hna,hna
wic,wic
isp,isp
plw,plw
lan,lan
thr,thr
aey,aey
wnp,wnp
lsc,lsc
bfn,bfn
fnj,fnj
mec,mec
lrd,lrd
bew,bew
eba,eba
hek,hek
dpo,dpo
atw,atw
kis,kis
iag,iag
ade,ade
wil,nbo
apl,apl
nvi,nvi
mcm,mcm
pdp,pdp
jsy,jsy
trk,trk
gaj,gaj
kzo,kzo
pol,pol
vol,vol
rxs,rxs
saf,zsh
rja,rja
kyz,kyz
frs,frs
ibr,ibr
ksq,ksq
rbq,rbq
swt,swt
tpp,tpp
awz,awz
scy,scy
hlz,hlz
ipn,ipn
dav,dav
jzh,jzh
vca,vca
vii,vii
gay,gay
ovs,ovs
ttj,ttj
ith,ith
sdv,tlv
ulk,ulk
azo,azo
uip,uip
ida,ida
rst,rst
kuv,kuv
sug,sug
fbm,fbm
fks,fks
lbe,lbe
dam,dam
kgp,kgp
alh,alh
naj,naj
iwk,iwk
flg,gcn
azs,azs
ewn,ewn
stv,stv
aex,aex
rnb,rnb
hmb,hmb
kqt,kqt
mot,mot
nqn,nqn
vkt,vkt
pyj,pyj
pav,pav
svj,svj
mdg,mdg
lck,cmh
diu,diu
flw,flw
sbp,csl
ozc,ozc
iar,iar
dib,dib
rfd,chi
lmm,lmm
eyp,eyp
gvr,gvr
kan,kan
dig,dig
cfb,cfb
dou,dou
gse,got
bks,bks
pgd,pgd
bgf,bgf
cks,cks
uba,uba
son,son
ysb,ysb
bmi,bmi
gfk,gfk
vde,vde
bra,bra
ixs,ixs
eri,eri
yam,yam
yqx,yqx
swf,swf
kco,kco
yxt,yxt
sfa,sfa
bej,bej
lkn,lkn
ohh,ohh
vnx,vnx
chi,chi
cme,cme
bjz,bjz
mtt,mtt
ege,ege
oal,oal
vdh,vdh
txf,txf
pzo,pzo
gto,gto
dro,dro
inh,inh
tte,tte
bhy,bhy
dpl,dpl
afl,afl
kem,kem
hia,hia
ueo,ueo
jhg,jhg
yum,yum
esl,esl
mdq,mdq
bgm,bgm
tol,tol
wtb,twb
yxc,yxc
sma,sma
aux,aux
bfl,bfl
sfg,sfg
mlu,mlu
prh,prh
jpr,jpr
clv,clv
mwz,mwz
cix,cix
fec,fec
isc,isc
elm,elm
yih,yih
jok,jok
pky,pky
blb,blb
mov,mov
tcq,tcq
nya,nya
agt,agt
iza,jdf
mtj,mtj
aan,aan
cen,cen
dlh,dlh
hjr,hjr
fuj,fuj
beb,beb
mhk,mhk
kdi,kdi
ctm,ctm
std,std
ajf,ajf
tbt,tbt
hri,hri
agr,agr
ppn,ppn
rkt,rkt
bim,bim
kdh,kdh
mbx,mbx
cbo,cbo
ibe,ibe
pbd,pbd
dlu,dlu
pcl,pcl
uet,uet
aci,aci
utn,utn
ait,ait
cou,cou
cfk,cfk
czx,czx
eat,eat
sjk,sjk
bsk,bsk
lya,lya
had,had
eun,eun
eux,eux
roo,roo
mhq,mhq
uih,uih
ack,ack
kke,kke
swq,swq
rsu,rsu
qow,qow
txn,txn
xcr,xcr
bba,bba
wkj,wkj
flo,flo
jhm,jhm
abi,abi
cpe,cpe
nyt,nyt
aru,aru
hhq,hhq
kzs,kzs
fsm,fsm
yyf,yyf
usr,usr
khg,khg
hld,hld
lse,lse
cod,cod
hln,hln
ygk,ygk
puw,puw
cll,cll
sjz,sjz
rch,rch
bhi,bhi
abr,abr
lsp,lsp
oer,oer
gev,gev
lyi,lyi
sck,sac
mwx,kwj
wag,wag
iao,iao
wre,wre
syo,syo
ldu,ldu
orh,orh
ura,ura
uly,uly
clq,clq
rdo,rdo
sby,sby
jlr,jlr
pzb,pzb
hmv,hmv
szk,szk
bdu,bdu
plx,plx
kov,kov
lyg,lyg
kms,kms
rjl,rjl
dcn,drb
hvn,hvn
lyh,lyh
upn,upn
kow,kow
hgn,hgn
pes,pes
mbs,mbs
mkk,mkk
pmy,pmy
tbp,tbp
nrk,nrk
mvy,mvy
sts,sts
lec,lec
cmi,cmi
hdn,hdn
ajr,ajr
hft,hft
cyo,cyo
gtr,ubs
bvh,bvh
ycg,ycg
tpq,tpq
nlk,nlk
tre,tre
hov,hov
ukx,ukx
hhh,hhh
rrg,rrg
cxb,cxb
yts,yts
lce,lce
vqs,vqs
rgl,rgl
mfk,mfk
spi,spi
rdd,rdd
ppg,ppg
bbk,bbk
wys,wys
lzh,lzh
tmc,tmc
mii,mii
pin,pin
zvk,zvk
ccm,ccm
lch,lch
vvc,vvc
lau,lau
tnj,tnj
sne,sne
ldh,ldh
gri,gri
xuz,xuz
isn,isn
tkk,tkk
sps,sps
dhn,dhn
bav,bav
jmu,jmu
rgs,rgs
gns,gns
ixd,ixd
dnh,dnh
crm,crm
bmv,bmv
kuu,kuu
fro,fro
mbt,mbt
vcs,vcs
mmh,mmh
jga,jga
jln,jln
grw,grw
rcb,rcb
ykm,ykm
nev,nev
pbo,pbo
uaq,uaq
mqt,mqt
kim,kim
bay,bay
okd,spk
mqn,mqn
vgd,vgd
cmg,cmg
uka,uka
nzh,nzh
phw,phw
law,law
zal,zal
tuo,tuo
meb,mel
tjl,tjl
pet,pet
sog,sog
laq,laq
luw,luw
nld,nld
udj,udj
ajl,ajl
ddg,ddg
juj,juj
mmj,mmj
rma,rma
cpo,cpo
slm,slm
erh,erh
sjt,sjt
ybl,ybl
urj,urj
eja,eja
hvg,hvg
lbs,lbs
lto,lto
loh,loh
agf,agf
edl,edl
msu,msu
ane,ane
sgd,sgd
vld,vld
tsj,tsj
cyp,cyp
csg,csg
gff,gff
lae,lae
tja,tja
act,act
mim,mim
cal,cal
bni,bni
tyr,tyr
anx,anx
jij,jij
lke,sea
yko,yko
cpr,cpr
kid,kid
pgv,pgv
pss,pss
ynz,ynz
gov,gov
dqa,dqa
tmm,tmm
fde,fde
yyb,yyb
shm,shm
aby,aby
bqj,bqj
crd,crd
mpn,mpn
mkw,mkw
blj,blj
yql,yql
lws,lws
agx,agx
shb,shb
dbq,dbq
svu,svu
mam,mam
dat,dat
phb,phb
ria,ria
tff,tff
die,die
alo,alo
ksz,ksz
sux,sux
kte,kte
vbs,vrn
cyz,cyz
iks,iks
nvk,nvk
odo,odo
tvu,tvu
kzi,kzi
ssj,ssj
bzk,bzk
hid,hid
dmu,dmu
wus,wus
cas,cas
vus,vus
keh,keh
bnn,bnn
hin,hin
yty,yty
gme,gme
zse,zse
ybg,ybg
pzu,pzu
ghb,ghb
oag,oag
tml,tml
esm,esm
usq,usq
lgq,lgq
ttu,ttu
hea,hea
bhu,bhu
suj,suj
ciu,ssm
axa,axa
gck,gck
vig,vig
kso,kso
ild,ild
sig,sju
uib,uib
ebj,ebj
zig,zig
byo,byo
cpc,cpc
aug,aug
pln,pln
mxv,mxv
leq,leq
xfn,xfn
cja,cja
mxz,mxz
ndg,ndg
dmb,dmb
bpt,bpt
nny,nny
res,res
lli,lli
spr,spr
lny,lny
slw,slw
ixg,ixg
mqx,mqx
glo,glo
tcb,tcb
itb,itb
moz,moz
nbs,nbs
tyl,tyl
wju,wju
mkc,mkc
acv,acv
olz,olz
iue,iue
row,row
lkl,lkl
bik,bik
ktn,ktn
abb,abb
mgb,mgb
apo,apo
txk,txk
vav,vav
bhq,bhq
bzy,bzy
tim,tim
sfl,sfl
cmw,cmw
ank,ank
pry,pry
cld,san
det,dtt
cpx,cpx
eks,eks
sun,sun
ogl,ogl
maj,maj
pag,pag
ryk,ryk
vij,vij
sgu,sgu
sms,sms
eam,eam
hkk,hkk
ptg,ptg
gjl,gjl
syq,sjo
sda,bgw
ayp,ayp
mhg,mhg
rfp,rfp
omr,omr
zbf,zbf
cnj,cnj
yqf,yqf
bqk,ssi
wei,wei
onj,onj
yxh,yxh
tco,tco
sdy,sdy
tcr,tcr
dik,dik
suy,suy
abt,abt
cbg,cbg
yyr,yyr
mrz,mrz
art,art
rab,rab
tet,tet
ppq,ppq
bca,bca
sfn,sfn
pyy,pyy
mgw,mgw
bwt,bwt
pjm,pjm
dir,dir
tmu,tmu
ywl,ywl
tno,tno
mun,mun
mkq,mkq
tne,tne
orb,orb
alw,alw
gdq,gdq
lua,lua
lai,lai
csh,csh
kmw,kmw
xqp,xqp
ycu,ycu
atz,atz
qrw,qrw
ksj,ksj
klf,klf
jrh,jrh
ons,ons
aly,aly
frf,fra
pvu,pvu
hts,hts
toe,toe
pga,pga
tle,tle
bbu,buh
cmx,cmx
arw,arw
tah,tah
tbb,tbb
gop,gop
drk,drk
bhv,bhv
trr,trr
bdp,bdp
cvq,cvq
bem,bem
ieg,ieg
qxb,qxb
dcm,dcm
bji,bji
hyn,hyn
leb,leb
mhp,msq
jbq,sdq
smx,smx
cbq,cbq
jsr,jsr
mmo,mmo
maz,maz
qku,cgn
czs,czs
his,his
ini,ini
sit,sit
kvr,kvr
gka,gka
bwk,bwk
occ,occ
gur,gur
thn,thn
bnd,bnd
buw,buw
rrs,rrs
sac,sac
pva,pva
rhi,rhi
thd,thd
cif,cif
sde,sde
hsn,hsn
yyd,yyd
ypr,ypr
hkn,hkn
yzv,yzv
ktg,ktg
cgm,cgm
twf,twf
khs,khs
hdg,hdg
trw,trw
kgc,kgc
wya,wya
cyx,cyx
scv,scv
hya,hya
ntg,ntg
pma,pma
mkg,mkg
mes,mes
wgp,wgp
kvg,kvg
ipt,ipt
sdn,sdn
abs,abs
lxg,lxg
lsy,lsy
zos,zos
fla,fla
lre,lre
quo,quo
btc,btc
srp,srp
nyr,nyr
yhu,ymq
hgu,hgu
ppw,ppw
kns,kns
whp,lax
tza,bze
bjr,bjr
mfu,mfu
tbh,tbh
tin,tin
ury,ury
upb,upb
rvd,rvd
mjf,mjf
vhm,vhm
wry,wry
afa,afa
aqi,aqi
pah,pah
sbg,sbg
cij,cij
luv,luv
moq,moq
lgi,lgi
ntq,ntq
vrc,vrc
bhh,bhh
cyb,cyb
pxu,pxu
pih,pih
pni,pni
eau,eau
adq,adq
ure,ure
doy,doy
oth,oth
bqt,bqt
hdf,hdf
dws,orl
gte,gte
ytm,ytm
zix,zix
rml,cmb
paz,paz
lyc,lyc
vds,vds
sxm,sxm
sxk,sxk
tkd,tkd
wmx,wmx
bwa,bwa
tkn,tkn
nqt,nqt
aax,aax
gdt,gdt
zsa,zsa
noi,noi
mig,mig
pcn,pcn
brl,brl
meh,meh
guc,guc
pqi,pqi
plj,plj
sji,sji
aur,aur
ndb,ndb
bhb,bhb
jdz,jdz
egs,egs
cgd,cgd
xch,xch
aku,aku
mbi,mbi
gan,gan
jdm,mia
lzy,lzy
fls,fls
tnt,mia
ers,wdh
jjg,jjg
btm,btm
auc,auc
cxh,yvr
yuy,yuy
rae,rae
wef,wef
frw,frw
oim,oim
ogs,ogs
lzo,lzo
pwe,pwe
pqm,pqm
axj,axj
ybr,ybr
zfq,zfq
kih,kih
kad,kad
tbn,tbn
fyj,fyj
val,val
krf,krf
mea,mea
fun,fun
yng,yng
bjf,bjf
nbx,nbx
fuo,fuo
dpt,dpt
gcc,gcc
oho,oho
oki,oki
mbe,mbe
abm,abm
sob,sob
pib,lul
tro,tro
cdc,cdc
uii,uii
jng,jng
cuk,cuk
mya,mya
mag,mag
twb,twb
vis,vis
wls,wls
aog,aog
iwj,iwj
seu,seu
shl,shl
tgo,tgo
owb,owb
fug,fug
hbx,hbx
ola,ola
ybp,ybp
bsc,bsc
mkm,mkm
jau,jau
hme,hme
yzr,yzr
kpw,kpw
fmy,fmy
fxe,fll
iri,iri
pue,pue
inl,inl
cys,cys
axu,axu
skn,skn
muh,muh
ypw,ypw
hob,hob
azi,auh
aky,aky
krl,krl
yyy,yyy
bwx,bwx
cxp,cxp
ctl,ctl
cck,cck
thx,thx
zyi,zyi
rnj,rnj
czu,czu
dga,dga
pum,pum
mxx,mxx
bir,bir
rsd,rsd
rga,rga
pbz,pbz
cih,cih
yin,yin
bhs,bhs
iaa,iaa
caw,caw
eqs,eqs
utt,utt
lzn,lzn
esc,esc
cyi,cyi
ezv,ezv
gea,nou
dec,dec
adj,amm
ard,ard
sek,sek
urg,urg
yzt,yzt
rgi,rgi
luq,luq
ifj,ifj
ata,ata
cvt,cvt
whk,whk
rut,rut
mfa,mfa
pdk,atl
pug,pug
mei,mei
yap,yap
ckb,ckb
kdv,kdv
dsn,dsn
por,por
ums,ums
poj,qpt
omh,omh
pds,pds
lwb,lwb
yzz,yzz
gfn,gfn
ymx,ymq
cvm,cvm
nty,nty
nao,nao
ris,ris
yvo,yvo
jkr,jkr
huu,huu
gom,gom
rvk,zxf
spd,spd
lyn,lys
zkp,zkp
pvc,pvc
dlz,dlz
fma,fma
apn,apn
hgr,hgr
juh,juh
tiu,tiu
ilr,ilr
pke,pke
ilp,ilp
yye,yye
mjn,mjn
sho,mts
haq,haq
tui,tui
sow,sow
xmb,xmb
brd,brd
wwk,wwk
kuz,kuz
ten,ten
bqb,bqb
yfb,yfb
zfj,zfj
ntx,ntx
brw,brw
pra,pra
lum,lum
osy,osy
vdb,vdb
pir,pir
ywk,ywk
ggg,ggg
smq,smq
enh,enh
kud,kud
pny,pny
ygp,ygp
eni,eni
ywh,yyj
bgn,bgn
ipl,ipl
hfd,hfd
erl,erl
jgs,jgs
irj,irj
mce,mce
lyb,lyb
cec,cec
ena,ena
diq,diq
ntn,ntn
jnz,jnz
lok,lok
yyq,yyq
ced,ced
bhr,bhr
olp,olp
tgt,tgt
gyy,chi
yqz,yqz
asv,asv
ftu,ftu
shd,shd
imt,imt
zbl,zbl
fgi,apw
iba,iba
lzc,lzc
yny,yny
psj,psj
jgn,jgn
ahn,ahn
tcz,tcz
haa,haa
lrr,lrr
jxa,jxa
yzp,yzp
nra,nra
xkh,xkh
hnm,hnm
rdc,rdc
ond,ond
als,als
dcy,dcy
lmn,lmn
kep,kep
sri,sri
pkb,pkb
sko,sko
shp,shp
sdd,sdd
ygr,ygr
kme,kme
kum,kum
glf,glf
cfg,cfg
ctc,ctc
bsd,bsd
cnq,cnq
oru,oru
kgt,kgt
vcl,vcl
bns,bns
acx,acx
tur,tur
tjr,tjr
lar,lar
etr,etr
tdd,tdd
obn,obn
cpd,cpd
uel,uel
ymk,ymk
ear,ear
gwl,gwl
dod,dod
oke,oke
gln,gln
gna,gna
ltx,ltx
xil,xil
bjw,bjw
hib,hib
cvu,cvu
yol,yol
hoe,hoe
mre,mre
srz,srz
svl,svl
ptj,ptj
vny,lax
hot,hot
swk,mil
evg,evg
jst,jst
bkz,bkz
amh,amh
xic,xic
vdm,vdm
abd,abd
bbn,bbn
vdd,vie
cgi,cgi
lyx,lyx
kck,kck
ome,ome
akn,akn
rks,rks
chg,chg
yda,yda
thl,thl
prc,prc
inu,inu
lud,lud
wae,wae
lsw,lsw
kdo,kdo
vit,vit
cdv,cdv
ody,ody
puu,puu
mkl,mkl
yus,yus
ust,ust
ger,ger
blv,blv
skz,skz
rti,rti
jbr,jbr
yll,yll
cxi,cxi
miu,miu
rop,rop
bfi,sea
ltq,ltq
dax,dax
psm,psm
cez,cez
rdn,rdn
rsa,rsa
azd,azd
kwa,kwa
huh,huh
riy,riy
tkq,tkq
eko,eko
new,msy
vpy,vpy
agb,agb
mnc,mnc
slk,slk
epl,epl
kbu,kbu
tgp,tgp
ppk,ppk
hys,hys
ckh,ckh
iki,iki
ket,ket
ble,ble
ktl,ktl
pcp,pcp
myq,myq
shw,shw
uyn,uyn
myw,myw
rkd,rkd
sml,sml
wxn,wxn
kat,kat
hfa,hfa
dzn,dzn
mas,mas
bua,bua
lwk,sdz
dut,dut
gao,gao
sif,sif
tod,tod
din,din
mqj,mqj
nyk,nyk
irm,irm
ctn,ctn
soj,soj
yev,yev
pgh,pgh
vkg,vkg
tih,tih
hjj,hjj
goq,goq
cdj,cdj
onk,onk
mss,mss
gxf,gxf
mwa,mwa
ksa,ksa
hlh,hlh
fkq,fkq
ans,ans
svb,svb
ngk,ngk
hom,hom
kab,kab
jcx,lax
chx,chx
vic,vic
ydq,ydq
mju,mju
onq,onq
psu,psu
vaw,vaw
bfj,bfj
nak,nak
mgh,mgh
aat,aat
ttq,ttq
jos,jos
nob,nob
aqg,aqg
ssn,sel
myt,myt
mue,mue
fmn,fmn
col,col
cbt,cbt
sgy,sgy
ras,ras
mcw,mcw
htn,htn
yao,yao
abu,abu
ybc,ybc
acd,acd
jal,jal
sct,sct
ben,ben
sgt,sgt
gbz,gbz
hpa,hpa
bjt,bjt
pfn,pfn
frl,frl
sgo,sgo
lka,lka
kct,kct
huz,huz
zqz,zqz
psg,psg
gzo,gzo
ozg,ozg
tta,tta
hzg,hzg
hon,hon
omo,omo
yaz,yaz
irk,irk
duj,duj
uin,uin
meq,meq
ske,ske
mjk,mjk
snc,snc
xsb,xsb
tnh,tnh
mis,mis
fav,fav
tli,tli
tlu,tlu
nah,nah
tgi,tgi
jim,jim
cah,cah
gst,gst
cab,cab
stc,stc
gcn,gcn
dmd,dmd
riw,riw
drb,drb
hvd,hvd
tvs,tvs
nhv,nhv
pdt,pdt
sis,sis
mni,mni
fsp,fsp
obf,obf
okr,okr
zna,ycd
cnc,cnc
wua,wua
gys,gys
eld,eld
rvt,rvt
kdl,kdl
apf,apf
czh,czh
ddc,ddc
ohe,ohe
pnd,pnd
diw,diw
lbf,lbf
vir,dur
mgl,dus
nrl,nrl
dea,dea
pgx,pgx
ymo,ymo
kel,kel
aty,aty
gsm,gsm
sir,sir
oxf,oxf
hmi,hmi
kxh,kxh
nyi,nyi
eny,eny
cht,cht
bvi,bvi
luk,cvg
ejh,ejh
wmn,wmn
lbl,lbl
tup,tup
jms,jms
byc,byc
cum,cum
ggw,ggw
azr,azr
gya,gya
tfi,tfi
lds,lds
buz,buz
pcr,pcr
rke,cph
fog,fog
rah,rah
ilg,ilg
wrg,wrg
lky,lky
bet,bet
zqw,scn
ndy,ndy
sfq,sfq
enf,enf
csk,csk
tai,tai
gmb,gmb
rig,rig
lio,lio
krw,krw
lfr,lfr
lnv,lnv
lbr,lbr
mna,mna
tmb,mia
dij,dij
pev,pev
yjt,yjt
bun,bun
caf,caf
kaz,kaz
yhy,yhy
vxc,vxc
suk,suk
spy,spy
ukg,ukg
scc,scc
elc,elc
ogx,ogx
cre,myr
sln,sln
kdu,kdu
vdz,vdz
ode,ode
vai,vai
wrl,wrl
bff,bff
kng,kng
bkl,cle
lwy,lwy
hdd,hdd
fon,fon
cma,cma
qbc,qbc
lns,lns
yxl,yxl
bci,bci
cny,cny
ulh,ulh
tob,tob
sgl,mnl
tcp,tcp
dvl,dvl
gil,gil
mpb,mia
ret,ret
kdz,kdz
cvn,cvn
lpy,lpy
gae,gae
ber,ber
hcn,hcn
nqu,nqu
ssb,stx
pnp,pnp
boy,boy
bkg,bkg
cbh,cbh
tjs,tjs
chr,chr
sym,sym
kca,kca
cze,cze
ava,ava
poi,poi
lnj,lnj
jpn,was
nnx,nnx
win,win
apa,den
pub,pub
yoj,yoj
mau,mau
tmr,tmr
zmt,zmt
tyf,tyf
vgt,las
anm,anm
htg,htg
fod,fod
eua,eua
kdm,kdm
dum,dum
mng,mng
buc,buc
tov,tov
csa,csa
yyu,yyu
tvf,tvf
adu,adu
hdm,hdm
vgz,vgz
pja,pja
yay,yay
wnh,wnh
hgd,hgd
ndu,ndu
dwd,dwd
gha,gha
yqk,yqk
zel,zel
vlv,vlv
iwd,iwd
aeb,aeb
mkr,mkr
mpa,mpa
sli,sli
azp,mex
mzo,mzo
dcf,dom
pcq,pcq
bbq,bbq
dhi,dhi
msz,msz
hsh,las
sci,sci
sza,sza
gbt,gbt
mgz,mgz
ulo,ulo
pzi,pzi
caj,caj
gwd,gwd
bti,bti
zat,zat
nov,nov
tiz,tiz
hod,hod
swv,swv
mua,mua
yak,yak
lsh,lsh
dok,dok
fyv,fyv
lsg,lsg
tmi,tmi
bcv,bcv
qzd,qzd
tez,tez
lwe,lwe
pwk,chi
mur,mur
sqg,sqg
bvg,bvg
wmb,wmb
tuk,tuk
ccv,ccv
ogn,ogn
juz,juz
ulp,ulp
mcq,mcq
gja,gja
cpq,cpq
tql,tql
hlr,ile
djg,djg
tly,tly
ewb,ewb
har,har
bid,bid
ttr,ttr
aia,aia
pyh,pyh
gmo,gmo
oir,oir
yrt,yrt
opf,mia
ycb,ycb
yhd,yhd
myf,san
sgx,sgx
btz,btz
gel,gel
hns,hns
naa,naa
rve,rve
ulz,ulz
iil,iil
cwc,cwc
ern,ern
dlg,dlg
ltk,ltk
bai,bai
mrq,mrq
sfh,sfh
pda,pda
hfs,hfs
hzh,hzh
qsc,qsc
omd,omd
yrl,yrl
pmz,pmz
otz,otz
bjy,beg
dau,dau
yfo,yfo
yvq,yvq
wsz,wsz
rlk,rlk
bpx,bpx
lup,lup
rhd,rhd
hny,hny
cbl,cbl
yte,yte
dob,dob
glx,glx
zah,zah
sjl,sjl
vpg,vpg
ewe,ewe
ahe,ahe
soy,soy
yth,yth
bfd,bfd
mts,mts
cdp,cdp
alp,alp
ypy,ypy
kie,kie
vel,vel
cnm,cnm
hcq,hcq
ngq,ngq
xtg,xtg
mcv,mcv
osf,mow
bmo,bmo
dse,dse
jck,jck
bsg,bsg
kaw,kaw
bqa,bqa
kse,kse
cyd,sqs
zgu,zgu
atc,atc
auq,auq
aoo,aoo
fjr,fjr
ouz,ouz
drt,drt
snr,snr
adk,adk
bof,was
gxh,gxh
jmo,jmo
tmt,tmt
ile,ile
ssx,ssx
zbr,zbr
sia,sia
err,err
lno,lno
kiw,kiw
rib,rib
glh,glh
vgn,vgn
uas,uas
unk,unk
mmu,mmu
nlt,nlt
mrd,mrd
ybx,ybx
kcs,kcs
mbl,mbl
cdr,cdr
bwe,bwe
rms,rms
yag,yag
hzk,hzk
yvb,yvb
myi,myi
msl,msl
yws,yws
pyc,pyc
uld,uld
acu,acu
hvr,hvr
ltt,ltt
mjd,mjd
gry,gry
hro,hro
gou,gou
elu,elu
kry,kry
int,int
ulx,ulx
mum,mum
uve,uve
ktf,ktf
scf,phx
gtz,gtz
vpe,vpe
som,som
bww,bww
mvp,mvp
ntb,ntb
pog,pog
igm,igm
rkz,rkz
lqm,lqm
aiu,aiu
mpc,mpc
gpi,gpi
shr,shr
pgu,yeh
vif,vif
yfs,yfs
yhs,yhs
sfd,sfd
ydt,yvr
kji,kji
xqu,xqu
ciz,ciz
pmk,pmk
elg,elg
mji,mji
tbo,tbo
tvy,tvy
egm,egm
bzs,was
hnh,hnh
yaa,yaa
cln,cln
cmj,cmj
luh,luh
svz,svz
mod,mod
nlv,nlv
neu,neu
jgl,atl
xms,xms
jiq,jiq
rjh,rjh
jiu,jiu
gaf,gaf
tgc,tgc
dsk,dsk
mlk,mlk
zri,zri
lcx,lcx
nha,nha
xsc,xsc
nus,nus
peu,peu
mhb,akl
tdg,tdg
tee,tee
lod,lod
bym,bym
yip,dtt
ycl,ycl
ykl,ykl
mdu,mdu
vct,vct
cgx,chi
dvt,phx
zke,zke
skv,skv
stg,stg
mbd,mbd
pnt,pnt
zhy,zhy
slh,slh
ajn,ajn
tbi,tbi
kdw,kdw
ggr,ggr
tex,tex
pbu,pbu
yqd,yqd
wjr,wjr
txg,txg
dne,dfw
yco,yco
tzn,tzn
iqn,iqn
mck,mck
uab,uab
rta,rta
yie,yie
hhr,hhr
jaf,jaf
yek,yek
dpa,chi
vhc,vhc
amv,amv
afz,afz
and,and
svc,svc
ogd,ogd
erm,erm
saq,saq
tpf,tpa
yfa,yfa
yhk,yhk
yzy,yzy
frd,frd
psz,psz
loo,loo
ymp,ymp
lrf,lrf
myg,myg
kaa,kaa
dwh,hou
auk,auk
bif,elp
lam,lam
all,all
gdv,gdv
eda,eda
ypa,ypa
ymt,ymt
piz,piz
bkm,bkm
gde,gde
vbv,vbv
ptx,ptx
ici,ici
cat,cat
sry,sry
coq,coq
cic,cic
ihr,ihr
aso,aso
pbp,pbp
osu,cmh
yho,yho
bkq,bkq
ker,ker
mcg,mcg
yvp,yvp
wnr,wnr
sgq,sgq
ung,ung
yat,yat
yku,yku
ceg,ceg
gmr,gmr
zby,zby
eae,eae
mcf,tpa
lmc,lmc
hue,hue
gss,gss
ess,ess
fbs,fbs
dsi,dsi
byk,byk
trm,trm
gun,mgm
yxp,yxp
iga,iga
lif,lif
mtb,mtb
ysm,ysm
ktr,ktr
jhw,jhw
kgx,kgx
gbd,gbd
mjm,mjm
cau,cau
sdp,sdp
sdg,sdg
nua,nua
fiz,fiz
xbo,xbo
brt,brt
aki,aki
mcn,mcn
vlg,vlg
pmq,pmq
lvo,lvo
bmg,bmg
fie,fie
bcu,bcu
snv,snv
waa,waa
rad,tov
sss,sss
dks,dks
ygt,ygt
lrv,lrv
hgo,hgo
meu,meu
paf,paf
seb,seb
pho,pho
fki,fki
mtn,bwi
jek,ryl
fut,fut
cri,cri
mic,msp
tua,tua
yva,yva
agn,agn
uap,uap
amy,amy
vry,vry
osm,osm
beu,beu
mgt,mgt
mpw,mpw
aot,aot
pid,nas
gni,gni
bkw,bkw
olf,olf
lgs,lgs
wfb,ktn
llf,llf
leh,leh
cso,cso
caq,caq
bql,bql
sdm,san
obu,obu
xfw,xfw
mxb,mxb
kht,kht
twt,twt
szy,szy
luo,luo
bsa,bsa
sai,sai
xmy,xmy
ruy,ruy
wtz,wtz
vme,vme
ggm,ggm
udd,psp
ybk,ybk
mmd,mmd
nlu,mex
phg,phc
vey,vey
zum,zum
tbj,tbj
biu,biu
caz,caz
eoi,eoi
vvz,vvz
aaa,aaa
tho,tho
wfi,wfi
efd,hou
wca,wca
otd,otd
ydp,ydp
mmg,mmg
tnm,tnm
bzl,bzl
tmx,tmx
apc,apc
ong,ong
hoi,hoi
kmv,kmv
wpu,wpu
bpl,bpl
mda,sat
orz,orz
ntt,ntt
ygx,ygx
rby,rby
inz,inz
ouk,ouk
yio,yio
yaw,yhz
yrb,yrb
bxb,bxb
sze,sze
kyd,kyd
toh,toh
auu,auu
wbm,wbm
ndc,ndc
lgl,lgl
adh,adh
lkg,lkg
rcm,rcm
wuz,wuz
mnt,mnt
pkp,pkp
axp,axp
glk,glk
sic,sic
gcw,pgs
afw,dfw
fkl,fkl
rtg,rtg
kga,kga
jae,atl
ixi,ixi
irg,irg
auy,auy
lps,lps
pxr,pxr
hdb,hdb
spp,spp
sbr,sbr
snp,snp
oti,oti
lal,lal
mtv,mtv
ldz,ldz
knu,knu
dhb,esd
syb,syb
slo,slo
cmk,cmk
uts,uts
gic,gic
yph,yph
cip,cip
bjb,bjb
lbp,lbp
mlw,mlw
rsj,rsj
esd,esd
nsb,bim
akr,akr
nkx,san
gal,gal
mee,mee
yvm,yvm
lkh,lkh
gym,gym
xgr,xgr
yro,yow
mvb,mvb
mwk,mwk
mgs,mgs
mhu,mhu
tou,tou
ryo,ryo
tal,tal
vtg,vtg
bdd,bdd
fac,fac
rlo,rlo
ksm,ksm
ync,ync
tlt,tlt
meg,meg
rsh,rsh
ngp,crp
iam,iam
mjc,mjc
okl,okl
pve,pve
myp,myp
pbl,pbl
cjl,cjl
ira,ira
tjh,tjh
jol,jol
slx,slx
knq,knq
ybv,ybv
rce,rce
wun,wun
jem,jem
tme,tme
clm,clm
bnc,bnc
sab,sab
rzr,rzr
hyg,hyg
wbb,wbb
mvr,mvr
lix,lix
gyl,gyl
mnx,mnx
hev,hev
llb,llb
lfi,phf
rur,rur
oia,oia
kot,kot
mvt,mvt
sje,sje
foe,top
tlk,tlk
luc,luc
kpv,kpv
kes,kes
sdt,sdt
nlf,nlf
tbg,tbg
kdb,kdb
vsg,vsg
bmw,bmw
kcg,kcl
cdb,cdb
ygl,ygl
ygw,ygw
kwm,kwm
uol,uol
ssr,ssr
fld,fld
ynd,yow
hik,hnl
kyp,kyp
vhz,vhz
moi,moi
tca,tca
fbe,fbe
tcl,tcl
bld,bld
szi,szi
lma,lma
beo,ntl
ghc,ghc
sys,sys
mxj,mxj
ftw,ftw
grf,tiw
wsx,wsx
kkx,kkx
cmd,cmd
swo,swo
lzr,lzr
yub,yub
gam,gam
aou,aou
atj,atj
edf,anc
lkb,lkb
skf,sat
ngd,ngd
hkb,hkb
mtm,mtm
yut,yut
gpz,gpz
gpn,gpn
ykq,ykq
pak,pak
uam,gum
laf,laf
tgr,tgr
kxn,kxn
gbo,bwi
fyu,fyu
mwf,mwf
yab,yab
nib,nib
ybb,ybb
wlh,wlh
bbo,bbo
rrr,rrr
ynp,ynp
esr,esr
yoc,yoc
shc,shc
shh,shh
yav,yav
svi,svi
ycy,ycy
svp,svp
yvz,yvz
koc,koc
ycs,ycs
siq,siq
kol,kol
vls,vls
edr,edr
ygv,ygv
snb,snb
sva,sva
dba,dba
tub,tub
ypm,ypm
swj,swj
kpo,kpo
yux,yux
elf,elf
klg,klg
mse,mse
sau,sau
sjy,sjy
ptk,ptk
lsf,csg
nui,nui
chy,chy
exi,exi
cps,stl
muk,muk
kvl,kvl
rus,rus
glv,glv
ykg,ykg
wwt,wwt
tcg,tcg
rmt,rmt
nda,nda
ymn,ymn
kwn,kwn
jgd,jgd
ulb,ulb
mjr,mjr
ook,ook
teh,teh
zyr,bru
crz,crz
cga,cga
nnl,nnl
kxf,kxf
zdy,zdy
jjm,jjm
tgh,tgh
gbl,gbl
ysk,ysk
ugi,ugi
mll,mll
tct,tct
olh,olh
foa,foa
zem,zem
bbh,bbh
rua,rua
wmr,wmr
zfm,zfm
rud,rud
kac,kac
nqx,eyw
xbj,xbj
tkx,tkx
kae,kae
lsa,lsa
osk,osk
yop,yop
hwd,hwd
cyf,cyf
nbg,msy
vaf,vaf
ywb,ywb
bst,bst
rka,rka
tra,tra
vao,vao
ani,ani
tnk,tnk
abl,abl
pjg,pjg
pip,pip
pio,pio
psv,psv
wtk,wtk
wsn,wsn
cgj,cgj
wot,wot
wns,wns
pdb,pdb
ram,ram
aet,aet
wlk,wlk
odn,odn
whd,whd
nqa,mem
yaq,yaq
npo,npo
niu,niu
ngu,orf
akb,akb
rna,rna
rnl,rnl
cqd,cqd
nac,nac
yzs,yzs
mzw,mzw
myu,myu
yyv,yyv
cuq,cuq
anv,anv
cur,cur
moa,moa
apk,apk
def,def
atk,atk
mkp,mkp
eaa,eaa
may,may
ebg,ebg
yvc,yvc
axf,axf
lcr,lcr
lak,lak
kwz,kwz
emk,emk
und,und
kwt,kwt
kwg,kwg
ktb,ktb
bdf,bdf
ubb,ubb
bei,bei
kpn,kpn
koz,koz
koo,koo
ypc,ypc
bfc,bfc
kkh,kkh
khz,khz
taf,orn
hae,hae
iwo,iwo
bky,bky
hhz,hhz
hix,hix
pou,pou
pne,phl
yhi,yhi
plb,plb
aay,aay
htm,htm
cao,cao
wwi,wwi
zta,zta
pta,pta
tla,tla
chu,chu
raq,raq
cik,cik
rcq,rcq
ain,ain
nnb,nnb
clp,clp
ipa,ipa
tjg,tjg
yax,yax
irc,irc
akp,akp
akv,akv
alu,alu
tid,tid
vrk,vrk
gts,gts
ykt,ykt
jcb,jcb
myz,myz
jna,jna
yzg,ysw
vpn,vpn
jom,jom
jqe,jqe
jwn,jwn
cup,cup
kax,kax
mwh,mwh
taz,taz
muw,muw
ryl,ryl
mpp,mpp
bfq,bfq
mog,mog
khd,khd
czj,czj
mnh,mnh
scz,scz
kka,kka
mly,mly
lpd,lpd
ebo,ebo
klw,klw
lne,lne
kmc,kmc
kmu,kmu
eek,eek
smk,smk
vak,vak
sqt,sqt
elv,elv
yso,yso
srv,srv
gjr,gjr
kvm,kvm
kuk,kuk
sut,sut
ktd,ktd
bdh,bdh
frg,frg
ulg,ulg
bed,bed
ktp,kin
kts,kts
kug,kug
uah,uah
kvc,kvc
sst,sst
ghe,ghe
fnl,fnl
kwk,kwk
ysf,ysf
bau,bau
koy,koy
fmi,fmi
gnu,gnu
ypx,ypx
ytg,ytg
knw,knw
ytl,ytl
lah,lah
uyl,uyl
sov,sov
knd,knd
liq,liq
axr,axr
ypo,ypo
ypn,ypn
kmy,kmy
llv,llv
ygb,ygb
sld,sld
tor,tor
kln,kln
kki,kki
skk,skk
ska,geg
lur,lur
sim,sim
ppv,ppv
mal,mal
ebd,ebd
mdk,mdk
ywj,ywj
seo,seo
att,att
vee,vee
ygg,ygg
dly,dly
ygh,ygh
atd,atd
syj,syj
mmz,mmz
yxn,yxn
syu,syu
scm,scm
mns,mns
aqa,aqa
gob,gob
vne,vne
ynl,ynl
mou,mou
kek,kek
gsa,gsa
mtw,mtw
any,any
yyh,yyh
bux,bux
kcc,kcc
muz,muz
yna,yna
mxh,mxh
kal,kal
rox,rox
anb,anb
joh,joh
ymf,ymf
tgv,tgv
ybh,ybh
jao,atl
hcr,hcr
crc,crc
nai,nai
vuu,vuu
ita,ita
nar,nar
cnh,cnh
ird,ird
nfo,nfo
nge,nge
akf,akf
tqr,tqr
clw,clw
riv,ral
inb,inb
aiy,aiy
nki,nki
nme,nme
tke,tke
ckx,ckx
bmd,bmd
ckd,ckd
zfn,zfn
nuk,nuk
nzk,nzk
nzy,san
rcy,rcy
yik,yik
rbv,rbv
tkj,tkj
zjt,zjt
yif,yif
zkg,zkg
ila,ila
aeg,aeg
zlt,zlt
wna,wna
opu,opu
osh,osh
otu,otu
pun,pun
pud,pud
ptu,ptu
ifp,ifp
wtl,wtl
acs,acs
acr,acr
zsj,zsj
ian,ian
cdl,cdl
bmy,bmy
cbi,cbi
hus,hus
tnc,tnc
pla,pla
hpb,hpb
xmh,xmh
loc,loc
