CITYCODE,COUNTRYCODE
lon,uk
man,uk
bcn,es
ams,nl
dub,ie
mad,es
mow,ru
rom,it
hkg,hk
led,ru
par,fr
sin,sg
ist,tr
nyc,us
sel,kr
syd,au
ath,gr
tpe,tw
agp,es
bhx,uk
pmi,es
mil,it
tyo,jp
lax,us
lis,pt
prg,cz
edi,uk
muc,de
fra,de
mel,au
dxb,ae
alc,es
osa,jp
dps,id
bkk,th
cph,dk
zrh,ch
kul,my
tlv,il
sip,ua
dus,de
bud,hu
ber,de
mnl,ph
ayt,tr
tci,es
hkt,th
orl,us
gla,uk
bru,be
waw,pl
per,au
vie,at
sto,se
aer,ru
del,in
gva,ch
yto,ca
vce,it
bne,au
fao,pt
akl,nz
sao,br
hel,fi
ibz,es
mia,us
sfo,us
lca,cy
skg,gr
las,us
jkt,id
ham,de
buh,ro
nqt,uk
sgn,vn
bom,in
bon,an
svx,ru
nap,it
opo,pt
brs,uk
blq,it
ncl,uk
izm,tr
chi,us
nce,fr
cta,it
ace,es
str,de
lba,uk
ovb,ru
lpl,uk
cun,mx
lpa,es
dlm,tr
osl,no
cgn,de
krr,ru
cmb,lk
bjs,cn
mex,mx
sha,cn
vlc,es
cai,eg
yvr,ca
mla,mt
bos,us
iev,ua
her,gr
cnx,th
rio,br
bog,co
han,vn
krk,pl
jnb,za
svq,es
hav,cu
mia,us
psa,it
bio,es
hnl,us
oka,jp
ank,tr
rak,ma
pmo,it
lim,pe
ein,nl
ymq,ca
rix,lv
waw,pl
bue,ar
bru,be
scl,cl
trn,it
fuk,jp
fue,es
pus,kr
sof,bg
vvo,ru
pfo,cy
jed,sa
rek,is
jtr,gr
cpt,za
eap,ch
mrs,fr
abz,uk
lys,fr
mrv,ru
vno,lt
atl,us
ruh,sa
rov,ru
bfs,uk
bri,it
flr,it
ufa,ru
maa,in
usm,th
got,se
ssh,eg
rho,gr
kbv,th
aaq,ru
spk,jp
gdn,pl
beg,rs
haj,de
was,us
bjv,tr
zag,hr
dfw,us
bey,lb
bfs,uk
adl,au
spu,hr
doh,qa
kgd,ru
cok,in
tbs,ge
blr,in
goi,in
cfu,gr
sea,us
auh,ae
mah,es
tll,ee
mle,mv
hyd,in
den,us
khh,tw
kuf,ru
chc,nz
ngo,jp
kzn,ru
cas,ma
sel,kr
dbv,hr
hou,us
can,cn
vce,it
isb,pk
evn,am
kwi,kw
kja,ru
yyc,ca
her,gr
ork,ie
tls,fr
ceb,ph
ktm,np
kiv,md
sjo,cr
cns,au
tiv,me
ada,tr
ool,au
wro,pl
boj,bg
cek,ru
cag,it
khv,ru
msq,by
ikt,ru
bod,fr
fnc,pt
vrn,it
amm,jo
thr,ir
ccs,ve
sju,pr
lhe,pk
tpa,us
fra,de
tci,es
bak,az
rep,kh
tun,tn
los,ng
tia,al
dus,de
ssa,br
san,us
scq,es
ecn,cy
oms,ru
nbo,ke
cju,kr
pnh,kh
cwl,uk
msp,us
phl,us
pee,ru
jmk,gr
nue,de
gla,uk
dmm,sa
mjv,es
suf,it
phx,us
dtt,us
snn,ie
pen,my
bsb,br
bgo,no
tjm,ru
dad,vn
hrg,eg
for,br
ktw,pl
asr,tr
bll,dk
was,us
puj,do
bah,bh
amd,in
rec,br
fru,kg
bre,de
mru,mu
gdl,mx
poa,br
bds,it
tzx,tr
aho,it
sgc,ru
goa,it
olb,it
uio,ec
rgn,mm
tas,uz
mmk,ru
msy,us
mct,om
ccu,in
sto,se
lux,lu
wlg,nz
gro,es
nte,fr
dac,bd
pdx,us
sdq,do
sou,uk
rtm,nl
khi,pk
szg,at
yea,ca
bhz,br
goj,ru
alg,dz
was,us
mfm,mo
pty,pa
gzt,tr
osl,no
lju,si
ala,kz
drw,au
jer,uk
kgs,gr
mde,co
yks,ru
urt,th
rio,br
acc,gh
tpe,tw
nan,fj
lgk,my
ods,ua
zth,gr
slc,us
hdy,th
gum,gu
cwb,br
poz,pl
bki,my
sao,br
uus,ru
tng,ma
svg,no
dtm,de
clt,us
mbj,jm
skp,mk
sub,id
tgd,me
var,bg
vog,ru
aus,us
mcx,ru
mvd,uy
jog,id
sez,sc
lwo,ua
ctu,cn
cuz,pe
tof,ru
iev,ua
klo,ph
sha,cn
zqn,nz
gua,gt
nux,ru
ctg,co
bts,sk
clo,co
tps,it
dar,tz
sjj,ba
trv,in
fln,br
reu,es
rdu,us
boh,uk
njc,ru
aga,ma
ami,id
yow,ca
gdz,ru
grx,es
ssx,tr
uth,th
igu,br
lej,de
gye,ec
diy,tr
vte,la
add,et
bue,ar
atq,in
inv,uk
sdr,es
hba,au
ext,uk
rmq,tw
ebl,iq
prn,ko
bgi,bb
pdl,pt
oss,kg
tse,kz
ovd,es
pkc,ru
osa,jp
bna,us
znz,tz
buf,us
fmy,us
hre,zw
nat,br
arh,ru
lcg,es
aly,eg
dur,za
cpq,br
asf,ru
dkr,sn
ebb,ug
fez,ma
zad,hr
mga,ni
gyn,br
bax,ru
cei,th
lpq,la
clj,ro
noc,ie
mao,br
szx,cn
ndr,ma
trs,it
inn,at
ywg,ca
kya,tr
xry,es
yhz,ca
yic,cn
nbe,tn
lpb,bo
sal,sv
xmn,cn
cle,us
trd,no
mty,mx
ogg,us
nha,vn
aua,aw
pps,ph
sia,cn
oak,us
krt,sd
drs,de
tos,no
osl,no
gzp,tr
vgo,es
stl,us
kin,jm
orl,us
stw,ru
fkb,de
tao,cn
mkc,us
efl,gr
cbr,au
sac,us
gib,gi
mba,ke
vix,br
nas,bs
dyu,tj
sxb,fr
bqs,ru
mph,ph
sat,us
med,sa
lei,es
ind,us
mes,id
dsa,uk
puy,hr
voz,ru
kmg,cn
koj,jp
aal,dk
ogz,ru
aoi,it
fmm,de
pvr,mx
pit,us
mcz,br
mjt,gr
hty,tr
mpl,fr
chi,us
ptp,gp
ren,ru
tij,mx
jax,us
scw,ru
vra,cu
rze,pl
rba,ma
kbl,af
biq,fr
hgh,cn
syx,cn
sjc,us
ccj,in
pnq,in
noz,ru
ncp,ph
fdf,mq
yqb,ca
kul,my
foc,cn
bel,br
run,re
kej,ru
pos,tt
erz,tr
hrb,cn
wuh,cn
dlc,cn
nqy,uk
kun,lt
jsi,gr
ias,ro
uud,ru
reg,it
bdo,id
pqc,vn
she,cn
iom,uk
cvg,us
hta,ru
isg,jp
ubp,th
pbi,us
lad,ao
shj,ae
dnk,ua
sid,cv
kch,my
nbc,ru
kkc,th
bia,fr
srz,bo
cmh,us
psr,it
bus,ge
van,tr
cgb,br
mem,us
ezs,tr
lbd,tj
ckg,cn
hij,jp
tsr,ro
sna,us
jai,in
dxb,ae
jpa,br
sjd,mx
rvn,fi
uln,mn
ego,ru
mma,se
hfd,us
dje,tn
asu,py
cor,ar
hrk,ua
nkg,cn
tsv,au
bps,br
plz,za
mel,au
sdj,jp
nav,tr
szz,pl
grz,at
fmo,de
jhb,my
bgw,iq
nsk,ru
slz,br
dvo,ph
gci,uk
anc,us
wdh,na
lmp,it
mlx,tr
dnz,tr
pap,ht
sap,hn
tnr,mg
hou,us
gnb,fr
baq,co
egc,fr
lir,cr
jro,tz
trz,in
bjl,gm
lst,au
abv,ng
spc,es
smr,co
kmj,jp
koa,us
nwi,uk
pvk,gr
gdx,ru
oud,ma
rtw,ru
kbr,my
adz,co
sto,se
chs,us
gcm,ky
pop,do
the,br
aes,no
cgr,br
hti,au
mqm,tr
lko,in
pbm,sr
bze,bz
lun,zm
lbj,id
pei,co
zaz,es
krs,no
aja,fr
isu,iq
vns,in
edo,tr
elq,sa
dla,cm
apw,ws
aju,br
asp,au
stt,vi
aba,ru
vas,tr
mmy,jp
ciy,it
abq,us
bcm,ro
myj,jp
eas,es
mke,us
csx,cn
dfw,us
smi,gr
ccf,fr
brq,cz
mdl,mm
orf,us
ppt,pf
oma,us
peg,it
anu,ag
ngs,jp
yyj,ca
ldy,uk
sfq,tr
nvt,br
ppp,au
tgu,hn
kut,ge
lcj,pl
oul,fi
sxr,in
yxe,ca
ric,us
upg,id
rai,cv
kir,ie
igr,ar
kwl,cn
fdh,de
mdz,ar
okc,us
rno,us
abj,ci
rns,fr
mhd,ir
sti,do
yto,ca
utp,th
lih,us
ixe,in
mpm,mz
srg,id
tmp,fi
ixc,in
mqf,ru
bme,au
pad,de
elp,us
noj,ru
nal,ru
cgo,cn
lrh,fr
lig,fr
yqr,ca
bwn,bn
slu,lc
spn,mp
njf,iq
kgl,rw
ylw,ca
fte,ar
ayq,au
ont,us
hak,cn
udi,br
nou,nc
hma,ru
uly,ru
roc,us
tus,us
lil,fr
tae,kr
kmi,jp
orn,dz
nst,th
rmi,it
cgq,cn
mst,nl
urc,cn
tln,fr
rar,ck
yyt,ca
tku,fi
pls,tc
sdf,us
klx,gr
mid,mx
ios,br
mcy,au
syr,us
axd,gr
skd,uz
nng,cn
bzg,pl
ijk,ru
tag,ph
pvd,us
bga,co
bes,fr
cjb,in
ldb,br
bjx,mx
tsn,cn
btk,ru
ume,se
bzr,fr
pgf,fr
ntl,au
rao,br
mme,uk
sav,us
luz,pl
grr,us
kvd,az
kgf,kz
grv,ru
oit,jp
lla,se
mky,au
krn,se
jkt,id
vtz,in
gps,ec
kva,gr
jkh,gr
ush,ar
dsm,us
pvh,br
sbz,ro
lnz,at
okj,jp
myr,us
huy,uk
pdg,id
bpn,id
kvx,ru
crv,it
wnz,cn
ixz,in
hog,cu
dud,nz
ksc,sk
ukb,jp
jdo,br
bhm,us
tul,us
ksy,tr
sly,ru
fat,us
boo,no
vln,ve
lgb,us
mln,es
ixb,in
bda,bm
gnd,gd
vxe,cv
kmq,jp
boi,us
bvc,cv
geg,us
hkd,jp
pez,ru
brn,ch
ioa,gr
mdc,id
bth,id
usu,ph
ivl,fi
bnk,au
fsc,fr
fih,cd
day,us
lde,fr
asb,tm
aar,dk
cjj,kr
gau,in
rjk,hr
csy,ru
pns,us
bdq,in
udr,in
tst,th
syz,ir
pew,pk
rgk,ru
erc,tr
tgg,my
ogu,tr
kij,jp
tak,jp
ngb,cn
pmf,it
oax,mx
llw,mw
iph,my
idr,in
cmf,fr
cit,kz
alb,us
tys,us
brc,ar
puq,cl
ozh,ua
vli,vu
kta,au
eyw,us
pat,in
ixm,in
tgz,mx
lit,us
mir,tn
mar,ve
zyl,bd
anr,be
gsp,us
tgm,ro
tbu,to
uyu,bo
pwm,us
cjc,cl
tna,cn
ilo,ph
yao,cm
ter,pt
gso,us
pna,es
vll,es
hau,no
mgf,br
bcd,ph
bqn,pr
cuc,co
nsn,nz
fni,fr
ver,mx
svd,vc
phs,th
hui,vn
bsr,iq
roi,th
btv,us
feg,uz
ljg,cn
sll,om
rok,au
sjp,br
aca,mx
ahb,sa
aqp,pe
glt,au
ukk,kz
kro,ru
bbi,in
aok,gr
lxr,eg
msr,tr
vfa,zw
eth,il
sto,se
nym,ru
sno,th
grq,nl
ixl,in
skt,pk
tif,sa
agu,mx
plq,lt
vaa,fi
yzf,ca
fsz,jp
cfs,au
osr,cz
plm,id
ktt,fi
sco,kz
geo,gy
sla,ar
buq,zw
nag,in
ict,us
nkt,tr
srq,us
fen,br
hga,so
mht,us
pom,pg
mlm,mx
cuf,it
grj,za
dnr,fr
bur,us
pnl,it
ixj,in
lug,ch
cgy,ph
ynt,cn
cuu,mx
cnd,ro
kcm,tr
ham,de
ynb,sa
asm,er
joi,br
jnx,gr
lpp,fi
fpo,bs
ynj,cn
psp,us
mjz,ru
phe,au
tac,ph
ror,pw
rmf,eg
sdk,my
eve,no
soc,id
lex,us
vdc,br
mux,pk
mzt,mx
iqt,pe
mzh,tr
klu,at
stm,br
myy,my
raj,in
gbe,bw
scn,de
lrm,do
tkg,id
pmw,br
pxm,mx
tdx,th
mlo,gr
khe,ua
lxa,cn
ugc,uz
usk,ru
cak,us
pku,id
bhk,uz
bzn,us
vby,se
aoj,jp
pnz,br
tab,tt
fyv,us
jib,dj
kgi,au
ymm,ca
nnm,ru
fae,fo
puf,fr
yqm,ca
bko,ml
ipc,cl
nnt,th
tuf,fr
oua,bf
ckz,tr
koi,uk
lyr,no
cfe,fr
sdz,uk
mlg,id
tnn,tw
rtb,hn
cae,us
bfv,th
pas,gr
pdv,bg
lxs,gr
dab,us
khn,cn
pmv,ve
dgt,ph
toy,jp
knh,tw
loe,th
yqg,ca
pmc,cl
ded,in
mfe,us
cjs,mx
axt,jp
kwe,cn
swa,cn
osw,ru
phc,ng
slp,mx
kos,kh
cos,us
aor,my
npe,nz
twu,my
dli,vn
akj,jp
adf,tr
msn,us
fna,sl
pri,sc
lfw,tg
lvi,zm
ner,ru
osd,se
scu,cu
czm,mx
ito,us
pnk,id
kwj,kr
yei,tr
axm,co
jjn,cn
tju,tj
hmo,mx
igd,tr
tbz,ir
vsa,mx
mcp,br
coo,bj
bzo,it
soq,id
aiy,us
cly,fr
qro,mx
fai,us
cra,ro
lpi,se
pxo,pt
cul,mx
wat,ie
lgg,be
alf,no
mol,no
dxb,ae
lpt,th
rpr,in
cbb,bo
ros,ar
cay,gf
hfe,cn
cky,gn
erf,de
zih,mx
bhj,in
vda,il
eug,us
ark,tz
wux,cn
bob,pf
bho,in
bal,tr
jdh,in
mgq,so
hux,mx
cid,us
bhz,br
kkn,no
yxu,ca
tzl,ba
eis,vg
kcz,jp
kua,my
czl,dz
ilm,us
kop,th
btj,id
sre,bo
bli,us
guw,kz
pis,fr
jnb,za
lpk,ru
sgf,us
hvb,au
fsd,us
rbr,br
cjm,th
dol,fr
els,za
aji,tr
pfn,us
har,us
dnd,uk
aqj,jo
mql,au
uct,ru
pbc,mx
amq,id
jub,sd
skx,ru
blz,mw
vps,us
kkj,jp
hor,pt
urs,ru
esu,ma
lap,mx
phl,us
hsv,us
lgp,ph
ifn,ir
bdj,id
imp,br
jan,us
pwq,kz
ccc,cu
syy,uk
mqp,za
akx,kz
tjq,id
yyg,ca
sft,se
far,us
tlh,us
ifo,ua
yqt,ca
stx,vi
ggt,bs
nma,uz
deb,hu
skb,kn
ixr,in
nyu,mm
hpn,us
tjk,tr
kuo,fi
cee,ru
mfr,us
mab,br
abx,au
yiw,cn
gpa,gr
asj,jp
cgp,bd
yfc,ca
avl,us
bvb,br
osi,hr
pse,pr
cha,us
hsg,jp
bjs,cn
pqq,au
zcl,mx
weh,cn
pem,pe
rot,nz
dom,dm
koe,id
let,co
azn,uz
qsf,dz
vga,in
tlc,mx
lhw,cn
trc,mx
mmb,jp
gnv,us
yqy,ca
bdb,au
jac,us
kfs,tr
suv,fj
mlh,fr
moc,br
tyn,cn
yxy,ca
mzg,tw
isa,au
kuh,jp
kvk,ru
tip,ly
lbv,ga
nkc,mr
ozz,ma
mxl,mx
kok,fi
kzr,tr
klv,cz
pmr,nz
cdt,es
psc,us
bja,dz
btr,us
xap,br
tir,in
bil,us
tms,st
sah,ye
myd,ke
jik,gr
snu,cu
cho,us
dle,fr
dza,yt
tat,sk
sdl,se
npl,nz
ebu,fr
dyr,ru
ahu,ma
cpv,br
rap,us
naw,th
ped,cz
plb,us
cue,ec
mtr,co
ksn,kz
pkr,np
yka,ca
mlw,lr
ubj,jp
maf,us
cfr,fr
bso,ph
ost,be
mde,co
yqu,ca
fnt,us
tuu,sa
ise,tr
ixu,in
ges,ph
lbb,us
roa,us
hph,vn
bve,fr
tks,jp
pkz,la
cfn,ie
izo,jp
slu,lc
vil,ma
krp,dk
tam,mx
abe,us
cac,br
xnn,cn
dil,tl
get,au
mso,us
yxs,ca
mob,us
pkn,id
dyg,cn
joe,fi
sbw,my
fwa,us
ops,br
nop,tr
klr,se
bjm,bi
bgg,ci
sba,us
bzv,cg
ngo,jp
knx,au
kxk,ru
ase,us
tlm,dz
jul,pe
nla,zm
heh,mm
sjw,cn
bxu,ph
etz,fr
iqq,cl
tru,pe
crp,us
lao,ph
bgr,us
giz,sa
atm,br
anf,cl
phf,us
ohd,mk
tbw,ru
piu,pe
crw,us
djj,id
shv,us
mlb,us
jkl,gr
emd,au
aoe,tr
bhe,nz
grb,us
rnn,dk
mli,us
gbb,az
fay,us
unn,th
rlg,de
ths,th
gpt,us
tap,mx
fca,us
gwt,de
hds,za
sbh,gp
gis,nz
pix,pt
iwa,ru
pty,pa
dgo,mx
ene,id
ama,us
kao,fi
mof,id
mhh,bs
mub,bw
ppb,br
ttt,tw
ssg,gq
bau,br
obo,jp
wvb,na
inc,cn
bnx,ba
het,cn
aae,dz
agh,se
rdz,fr
vxo,se
lft,us
kit,gr
tvc,us
ivc,nz
yxx,ca
ysj,ca
ags,us
usn,kr
zlo,mx
uua,ru
ydf,ca
lea,au
pgk,id
imf,in
tay,ee
pso,co
ycd,ca
evv,us
yxj,ca
bla,ve
oaj,us
pnr,cg
orl,us
zha,cn
lyp,pk
ksu,no
ygj,jp
teq,tr
jnu,us
yqq,ca
trg,nz
tri,us
lbu,my
zuh,cn
jty,gr
sku,gr
sbn,us
rex,mx
mzl,co
dhm,in
hof,sa
zco,cl
djb,id
zam,ph
ncu,uz
wga,au
tuc,ar
avn,fr
bis,us
kaj,fi
rdm,us
ari,cl
asw,eg
boc,pa
clw,us
pia,us
sxz,tr
ksd,se
nim,ne
cxj,br
rel,ar
ndj,td
bro,us
avp,us
maq,th
elh,bs
pkv,ru
pbh,bt
hir,sb
sce,us
plo,au
gjt,us
rek,is
bmu,id
lwn,am
oxb,gw
hun,tw
lrs,gr
epr,au
nos,mg
jkg,se
btu,my
len,es
mzv,my
blk,uk
has,sa
brm,ve
vly,uk
mra,ly
hrl,us
brr,uk
mzr,af
tmj,uz
pfb,br
ach,ch
mry,us
msj,jp
snw,mm
lrt,fr
tmw,au
ccp,cl
tug,ph
mkz,my
jsh,gr
jyv,fi
ksh,ir
vup,co
lnk,us
ile,us
yva,km
gtf,us
eyk,ru
ixa,in
dbo,au
ykf,ca
zne,au
phx,us
nva,co
ksf,de
arm,au
gmz,es
ily,uk
cap,ht
hac,jp
llk,az
auw,us
mgm,us
yhm,ca
enu,ng
hna,jp
wic,uk
isp,us
plw,id
lan,us
thr,ir
aey,is
wnp,ph
lsc,cl
bfn,za
fnj,kp
mec,ec
lrd,us
bew,mz
eba,it
hek,cn
dpo,au
atw,us
kis,ke
iag,us
ade,ye
nbo,ke
apl,mz
nvi,uz
mcm,mc
pdp,uy
jsy,gr
trk,id
gaj,jp
kzo,kz
pol,mz
vol,gr
rxs,ph
zsh,us
rja,in
kyz,ru
frs,gt
ibr,jp
ksq,uz
rbq,bo
swt,ru
tpp,pe
awz,ir
scy,ec
hlz,nz
ipn,br
dav,pa
jzh,cn
vca,vn
vii,vn
gay,in
ovs,ru
ttj,jp
ith,us
tlv,il
ulk,ru
azo,us
uip,fr
ida,us
rst,us
kuv,kr
sug,ph
fbm,cd
fks,jp
lbe,us
dam,sy
kgp,ru
alh,au
naj,az
iwk,jp
gcn,us
azs,do
ewn,us
stv,in
aex,us
rnb,se
hmb,eg
kqt,tj
mot,us
nqn,ar
vkt,ru
pyj,ru
pav,br
svj,no
mdg,cn
cmh,us
diu,in
flw,pt
csl,us
ozc,ph
iar,ru
dib,in
chi,us
lmm,mx
eyp,co
gvr,br
kan,ng
dig,cn
cfb,br
dou,br
got,se
bks,id
pgd,us
bgf,cf
cks,br
uba,br
son,vu
ysb,ca
bmi,us
gfk,us
vde,es
bra,br
ixs,in
eri,us
yam,ca
yqx,ca
swf,us
kco,tr
yxt,ca
sfa,tn
bej,id
lkn,no
ohh,ru
vnx,mz
chi,us
cme,mx
bjz,es
mtt,mx
ege,us
oal,br
vdh,vn
txf,br
pzo,ve
gto,id
dro,us
inh,mz
tte,id
bhy,cn
dpl,ph
afl,br
kem,fi
hia,cn
ueo,jp
jhg,cn
yum,us
esl,ru
mdq,ar
bgm,us
tol,us
twb,au
yxc,ca
sma,pt
aux,br
bfl,us
sfg,gp
mlu,us
prh,th
jpr,br
clv,br
mwz,tz
cix,pe
fec,br
isc,uk
elm,us
yih,cn
jok,ru
pky,id
blb,pa
mov,au
tcq,pe
nya,ru
agt,py
jdf,br
mtj,us
aan,ae
cen,mx
dlh,us
hjr,in
fuj,jp
beb,uk
mhk,us
kdi,id
ctm,mx
std,ve
ajf,sa
tbt,br
hri,lk
agr,in
ppn,co
rkt,ae
bim,bs
kdh,af
mbx,si
cbo,ph
ibe,co
pbd,in
dlu,cn
pcl,pe
uet,pk
aci,uk
utn,za
ait,ck
cou,us
cfk,dz
czx,cn
eat,us
sjk,br
bsk,dz
lya,cn
had,se
eun,ma
eux,an
roo,br
mhq,fi
uih,vn
ack,us
kke,nz
swq,id
rsu,kr
qow,ng
txn,cn
xcr,fr
bba,cl
wkj,jp
flo,us
jhm,us
abi,us
cpe,mx
nyt,mm
aru,br
hhq,th
kzs,gr
fsm,us
yyf,ca
usr,ru
khg,cn
hld,cn
lse,us
cod,us
hln,us
ygk,ca
puw,us
cll,us
sjz,pt
rch,co
bhi,ar
abr,us
lsp,ve
oer,se
gev,se
lyi,cn
sac,us
kwj,kr
wag,nz
iao,ph
wre,nz
syo,jp
ldu,my
orh,us
ura,kz
uly,ru
clq,mx
rdo,pl
sby,us
jlr,in
pzb,za
hmv,se
szk,za
bdu,no
plx,kz
kov,kz
lyg,cn
kms,gh
rjl,es
drb,au
hvn,us
lyh,us
upn,mx
kow,cn
hgn,th
pes,ru
mbs,us
mkk,us
pmy,ar
tbp,pe
nrk,se
mvy,us
sts,us
lec,br
cmi,us
hdn,us
ajr,se
hft,no
cyo,cu
ubs,us
bvh,br
ycg,ca
tpq,mx
nlk,au
tre,uk
hov,no
ukx,ru
hhh,us
rrg,mu
cxb,bd
yts,ca
lce,hn
vqs,pr
rgl,ar
mfk,tw
spi,us
rdd,us
ppg,as
bbk,bw
wys,us
lzh,cn
tmc,id
mii,br
pin,br
zvk,la
ccm,br
lch,us
vvc,co
lau,ke
tnj,id
sne,cv
ldh,au
gri,us
xuz,cn
isn,us
tkk,fm
sps,us
dhn,us
bav,cn
jmu,cn
rgs,es
gns,id
ixd,in
dnh,cn
crm,ph
bmv,vn
kuu,in
fro,no
mbt,ph
vcs,vn
mmh,us
jga,in
jln,us
grw,pt
rcb,za
ykm,us
nev,kn
pbo,au
uaq,ar
mqt,us
kim,za
bay,ro
spk,jp
mqn,no
vgd,ru
cmg,br
uka,ke
nzh,cn
phw,za
law,us
zal,cl
tuo,nz
mel,au
tjl,br
pet,br
sog,no
laq,ly
luw,id
nld,mx
udj,ua
ajl,in
ddg,cn
juj,ar
mmj,jp
rma,au
cpo,cl
slm,es
erh,ma
sjt,us
ybl,ca
urj,ru
eja,co
hvg,no
lbs,fj
lto,mx
loh,ec
agf,fr
edl,ke
msu,ls
ane,fr
sgd,dk
vld,us
tsj,jp
cyp,ph
csg,us
gff,au
lae,pg
tja,bo
act,us
mim,au
cal,uk
bni,ng
tyr,us
anx,no
jij,et
sea,us
yko,tr
cpr,us
kid,se
pgv,us
pss,ar
ynz,cn
gov,au
dqa,cn
tmm,mg
fde,no
yyb,ca
shm,jp
aby,us
bqj,ru
crd,ar
mpn,fk
mkw,id
blj,dz
yql,ca
lws,us
agx,in
shb,jp
dbq,us
svu,fj
mam,mx
dat,cn
phb,br
ria,br
tff,br
die,mg
alo,us
ksz,ru
sux,us
kte,my
vrn,it
cyz,ph
iks,ru
nvk,no
odo,ru
tvu,fj
kzi,gr
ssj,no
bzk,ru
hid,au
dmu,in
wus,cn
cas,ma
vus,ru
keh,us
bnn,no
hin,kr
yty,cn
gme,by
zse,re
ybg,ca
pzu,sd
ghb,bs
oag,au
tml,gh
esm,ec
usq,tr
lgq,ec
ttu,ma
hea,af
bhu,in
suj,ro
ssm,us
axa,ai
gck,us
vig,ve
kso,gr
ild,es
sju,pr
uib,co
ebj,dk
zig,sn
byo,br
cpc,ar
aug,us
pln,us
mxv,mn
leq,uk
xfn,cn
cja,pe
mxz,cn
ndg,cn
dmb,kz
bpt,us
nny,cn
res,ar
lli,et
spr,bz
lny,us
slw,mx
ixg,in
mqx,et
glo,uk
tcb,bs
itb,br
moz,pf
nbs,cn
tyl,pe
wju,kr
mkc,us
acv,us
olz,ru
iue,nu
row,us
lkl,no
bik,id
ktn,us
abb,ng
mgb,au
apo,co
txk,us
vav,to
bhq,au
bzy,md
tim,id
sfl,cv
cmw,cu
ank,tr
pry,za
san,us
dtt,us
cpx,pr
eks,ru
sun,us
ogl,gy
maj,mh
pag,ph
ryk,pk
vij,vg
sgu,us
sms,mg
eam,sa
hkk,nz
ptg,za
gjl,dz
sjo,cr
bgw,iq
ayp,pe
mhg,de
rfp,pf
omr,ro
zbf,ca
cnj,au
yqf,ca
ssi,us
wei,au
onj,jp
yxh,ca
tco,co
sdy,us
tcr,in
dik,us
suy,is
abt,sa
cbg,uk
yyr,ca
mrz,au
art,us
rab,pg
tet,mz
ppq,nz
bca,cu
sfn,ar
pyy,th
mgw,us
bwt,au
pjm,cr
dir,et
tmu,cr
ywl,ca
tno,cr
mun,ve
mkq,id
tne,jp
orb,se
alw,us
gdq,et
lua,np
lai,fr
csh,ru
kmw,ru
xqp,cr
ycu,cn
atz,eg
qrw,ng
ksj,gr
klf,ru
jrh,in
ons,au
aly,eg
fra,de
pvu,us
hts,us
toe,tn
pga,us
tle,mg
buh,ro
cmx,us
arw,ro
tah,vu
tbb,vn
gop,in
drk,cr
bhv,pk
trr,lk
bdp,np
cvq,au
bem,cf
ieg,pl
qxb,fr
dcm,fr
bji,us
hyn,cn
leb,us
msq,by
sdq,do
smx,us
cbq,ng
jsr,bd
mmo,cv
maz,pr
cgn,de
czs,br
his,au
ini,rs
sit,us
kvr,ru
gka,pg
bwk,hr
occ,ec
gur,pg
thn,se
bnd,ir
buw,id
rrs,no
sac,us
pva,co
rhi,us
thd,vn
cif,cn
sde,ar
hsn,cn
yyd,ca
ypr,ca
hkn,pg
yzv,ca
ktg,id
cgm,ph
twf,us
khs,om
hdg,cn
trw,ki
kgc,au
wya,au
cyx,ru
scv,ro
hya,us
ntg,cn
pma,tz
mkg,us
mes,id
wgp,id
kvg,pg
ipt,us
sdn,no
abs,eg
lxg,la
lsy,au
zos,cl
fla,co
lre,au
quo,ng
btc,lk
srp,no
nyr,ru
ymq,ca
hgu,pg
ppw,uk
kns,au
lax,us
bze,bz
bjr,et
mfu,zm
tbh,ph
tin,dz
ury,sa
upb,cu
rvd,br
mjf,no
vhm,se
wry,uk
afa,ar
aqi,sa
pah,us
sbg,id
cij,bo
luv,id
moq,mg
lgi,bs
ntq,jp
vrc,ph
bhh,sa
cyb,ky
pxu,vn
pih,us
pni,fm
eau,us
adq,us
ure,ee
doy,cn
oth,us
bqt,by
hdf,de
orl,us
gte,au
ytm,ca
zix,ru
cmb,lk
paz,mx
lyc,se
vds,no
sxm,an
sxk,id
tkd,gh
wmx,id
bwa,np
tkn,jp
nqt,uk
aax,br
gdt,tc
zsa,bs
noi,ru
mig,cn
pcn,nz
brl,us
meh,no
guc,us
pqi,us
plj,bz
sji,ph
aur,fr
ndb,mr
bhb,us
jdz,cn
egs,is
cgd,cn
xch,cx
aku,cn
mbi,tz
gan,mv
mia,us
lzy,cn
fls,au
mia,us
wdh,na
jjg,br
btm,us
auc,co
yvr,ca
yuy,ca
rae,sa
wef,cn
frw,bw
oim,jp
ogs,us
lzo,cn
pwe,ru
pqm,mx
axj,jp
ybr,ca
zfq,fr
kih,ir
kad,ng
tbn,us
fyj,cn
val,br
krf,se
mea,br
fun,tv
yng,us
bjf,no
nbx,id
fuo,cn
dpt,ru
gcc,us
oho,ru
oki,jp
mbe,jp
abm,au
sob,hu
lul,us
tro,au
cdc,us
uii,hn
jng,cn
cuk,bz
mya,au
mag,pg
twb,au
vis,us
wls,wf
aog,cn
iwj,jp
seu,tz
shl,in
tgo,cn
owb,us
fug,cn
hbx,in
ola,no
ybp,cn
bsc,co
mkm,my
jau,pe
hme,dz
yzr,ca
kpw,ru
fmy,us
fll,us
iri,tz
pue,pa
inl,us
cys,us
axu,et
skn,no
muh,eg
ypw,ca
hob,us
auh,ae
aky,mm
krl,cn
yyy,ca
bwx,id
cxp,id
ctl,au
cck,cc
thx,ru
zyi,cn
rnj,jp
czu,co
dga,bz
pum,id
mxx,se
bir,np
rsd,bs
rga,ar
pbz,za
cih,cn
yin,cn
bhs,au
iaa,ru
caw,br
eqs,ar
utt,za
lzn,cn
esc,us
cyi,tw
ezv,ru
nou,nc
dec,us
amm,jo
ard,id
sek,ma
urg,br
yzt,ca
rgi,pf
luq,ar
ifj,is
ata,pe
cvt,uk
whk,nz
rut,us
mfa,tz
atl,us
pug,au
mei,us
yap,fm
ckb,us
kdv,fj
dsn,cn
por,fi
ums,ru
qpt,br
omh,ir
pds,mx
lwb,us
yzz,ca
gfn,au
ymq,ca
cvm,mx
nty,za
nao,cn
ris,jp
yvo,ca
jkr,np
huu,pe
gom,cd
zxf,no
spd,bd
lys,fr
zkp,ru
pvc,us
dlz,mn
fma,ar
apn,us
hgr,us
juh,cn
tiu,nz
ilr,ng
pke,au
ilp,nc
yye,ca
mjn,mg
mts,sz
haq,mv
tui,sa
sow,us
xmb,ci
brd,us
wwk,pg
kuz,kr
ten,cn
bqb,au
yfb,ca
zfj,fr
ntx,id
brw,us
pra,ar
lum,cn
osy,no
vdb,no
pir,us
ywk,ca
ggg,us
smq,id
enh,cn
kud,my
pny,in
ygp,ca
eni,ph
yyj,ca
bgn,ru
ipl,us
hfd,us
erl,cn
jgs,cn
irj,ar
mce,us
lyb,ky
cec,us
ena,us
diq,br
ntn,au
jnz,cn
lok,ke
yyq,ca
ced,au
bhr,np
olp,au
tgt,tz
chi,us
yqz,ca
asv,ke
ftu,mg
shd,us
imt,us
zbl,au
apw,ws
iba,ng
lzc,mx
yny,kr
psj,id
jgn,cn
ahn,us
tcz,cn
haa,no
lrr,ir
jxa,cn
yzp,ca
nra,au
xkh,la
hnm,us
rdc,br
ond,na
als,us
dcy,cn
lmn,my
kep,np
sri,id
pkb,us
sko,ng
shp,cn
sdd,ao
ygr,ca
kme,rw
kum,jp
glf,cr
cfg,cu
ctc,ar
bsd,cn
cnq,ar
oru,bo
kgt,cn
vcl,vn
bns,ve
acx,cn
tur,br
tjr,pr
lar,us
etr,ec
tdd,bo
obn,uk
cpd,au
uel,mz
ymk,ru
ear,us
gwl,in
dod,tz
oke,jp
gln,ma
gna,by
ltx,ec
xil,cn
bjw,id
hib,us
cvu,pt
yol,ng
hoe,la
mre,ke
srz,bo
svl,fi
ptj,au
lax,us
hot,us
evg,se
jst,us
bkz,tz
amh,et
xic,cn
vdm,ar
abd,ir
bbn,my
vie,at
cgi,us
lyx,uk
kck,ru
ome,us
akn,us
rks,us
chg,cn
yda,ca
thl,mm
prc,us
inu,nr
lud,na
wae,sa
lsw,id
kdo,mv
vit,es
cdv,us
ody,la
puu,co
mkl,us
yus,cn
ust,us
ger,cu
blv,us
skz,pk
rti,id
jbr,us
yll,ca
cxi,ki
miu,ng
rop,mp
sea,us
ltq,fr
dax,cn
psm,us
cez,us
rdn,my
rsa,ar
azd,ir
kwa,mh
huh,pf
riy,ye
tkq,tz
eko,us
msy,us
vpy,mz
agb,de
mnc,mz
slk,us
epl,fr
kbu,id
tgp,ru
ppk,kz
hys,us
ckh,ru
iki,jp
ket,mm
ble,se
ktl,ke
pcp,st
myq,in
shw,sa
uyn,cn
myw,tz
rkd,us
sml,bs
wxn,cn
kat,nz
hfa,il
dzn,kz
mas,pg
bua,pg
sdz,uk
dut,us
gao,cu
sif,np
tod,my
din,vn
mqj,ru
nyk,ke
irm,ru
ctn,au
soj,no
yev,ca
pgh,in
vkg,vn
tih,pf
hjj,cn
goq,cn
cdj,br
onk,ru
mss,us
gxf,ye
mwa,us
ksa,fm
hlh,cn
fkq,id
ans,pe
svb,mg
ngk,ru
hom,us
kab,zw
lax,us
chx,pa
vic,it
ydq,ca
mju,id
onq,tr
psu,id
vaw,no
bfj,fj
nak,th
mgh,za
aat,cn
ttq,cr
jos,ng
nob,cr
aqg,cn
sel,kr
myt,mm
mue,us
fmn,us
col,uk
cbt,ao
sgy,us
ras,ir
mcw,us
htn,cn
yao,cm
abu,id
ybc,ca
acd,co
jal,mx
sct,ye
ben,ly
sgt,us
gbz,nz
hpa,to
bjt,lk
pfn,us
frl,it
sgo,au
lka,id
kct,lk
huz,cn
zqz,cn
psg,us
gzo,sb
ozg,ma
tta,ma
hzg,cn
hon,us
omo,ba
yaz,ca
irk,us
duj,us
uin,us
meq,id
ske,no
mjk,au
snc,ec
xsb,ae
tnh,cn
mis,pg
fav,pf
tli,id
tlu,co
nah,id
tgi,pe
jim,et
cah,vn
gst,us
cab,ao
stc,us
gcn,us
dmd,au
riw,us
drb,au
hvd,mn
tvs,cn
nhv,pf
pdt,us
sis,za
mni,ms
fsp,pm
obf,de
okr,au
ycd,ca
cnc,au
wua,cn
gys,cn
eld,us
rvt,au
kdl,ee
apf,us
czh,bz
ddc,us
ohe,cn
pnd,bz
diw,lk
lbf,us
dur,za
dus,de
nrl,uk
dea,pk
pgx,fr
ymo,ca
kel,de
aty,us
gsm,ir
sir,ch
oxf,uk
hmi,cn
kxh,id
nyi,gh
eny,cn
cht,nz
bvi,au
cvg,us
ejh,sa
wmn,mg
lbl,us
tup,us
jms,us
byc,bo
cum,ve
ggw,us
azr,dz
gya,bo
tfi,pg
lds,cn
buz,ir
pcr,co
cph,dk
fog,it
rah,sa
ilg,us
wrg,us
lky,tz
bet,us
scn,de
ndy,uk
sfq,tr
enf,fi
csk,sn
tai,ye
gmb,et
rig,br
lio,cr
krw,tm
lfr,ve
lnv,pg
lbr,br
mna,id
mia,us
dij,fr
pev,hu
yjt,ca
bun,co
caf,br
kaz,id
yhy,ca
vxc,mz
suk,kr
spy,ci
ukg,ru
scc,us
elc,au
ogx,dz
myr,us
sln,us
kdu,pk
vdz,us
ode,dk
vai,pg
wrl,us
bff,us
kng,id
cle,us
lwy,my
hdd,pk
fon,cr
cma,au
qbc,ca
lns,us
yxl,ca
bci,au
cny,us
ulh,sa
tob,ly
mnl,ph
tcp,eg
dvl,us
gil,pk
mia,us
ret,no
kdz,lk
cvn,us
lpy,fr
gae,tn
hcn,tw
nqu,co
stx,vi
pnp,pg
boy,bf
bkg,us
cbh,dz
tjs,id
chr,fr
sym,cn
kca,cn
cze,ve
ava,cn
poi,bo
lnj,cn
was,us
nnx,id
win,au
den,us
pub,us
yoj,ca
mau,pf
tmr,dz
zmt,ca
tyf,se
las,us
anm,mg
htg,ru
fod,us
eua,to
kdm,mv
dum,id
mng,au
buc,au
tov,vg
csa,uk
yyu,ca
tvf,us
adu,ir
hdm,ir
vgz,co
pja,se
yay,ca
wnh,cn
hgd,au
ndu,na
dwd,sa
gha,dz
yqk,ca
zel,ca
vlv,ve
iwd,us
aeb,cn
mkr,au
mpa,na
sli,zm
mex,mx
mzo,cu
dom,dm
pcq,la
bbq,ag
dhi,np
msz,ao
las,us
sci,ve
sza,ao
gbt,ir
mgz,mm
ulo,mn
pzi,cn
caj,ve
gwd,pk
bti,us
zat,cn
nov,ao
tiz,pg
hod,ye
swv,pk
mua,sb
yak,us
lsh,mm
dok,ua
fyv,us
lsg,id
tmi,np
bcv,bz
qzd,hu
tez,in
lwe,id
chi,us
mur,my
sqg,id
bvg,no
wmb,au
tuk,pk
ccv,vu
ogn,jp
juz,cn
ulp,au
mcq,hu
gja,hn
cpq,br
tql,ru
ile,us
djg,dz
tly,ru
ewb,us
har,us
bid,us
ttr,id
aia,us
pyh,ve
gmo,ng
oir,jp
yrt,ca
mia,us
ycb,ca
yhd,ca
san,us
sgx,tz
btz,tr
gel,br
hns,us
naa,au
rve,co
ulz,mn
iil,ir
cwc,ua
ern,br
dlg,us
ltk,sy
bai,cr
mrq,ph
sfh,mx
pda,co
hfs,se
hzh,cn
qsc,br
omd,na
yrl,ca
pmz,cr
otz,us
beg,rs
dau,pg
yfo,ca
yvq,ca
wsz,nz
rlk,cn
bpx,cn
lup,us
rhd,ar
hny,cn
cbl,ve
yte,ca
dob,id
glx,id
zah,ir
sjl,br
vpg,cn
ewe,id
ahe,pf
soy,uk
yth,ca
bfd,us
mts,sz
cdp,in
alp,sy
ypy,ca
kie,pg
vel,us
cnm,us
hcq,au
ngq,cn
xtg,au
mcv,au
bmo,mm
dse,et
jck,au
bsg,gq
kaw,mm
bqa,ph
kse,ug
sqs,bz
zgu,vu
atc,bs
auq,pf
aoo,us
fjr,ae
ouz,mr
drt,us
snr,fr
adk,us
was,us
gxh,uk
jmo,np
tmt,br
ile,us
ssx,tr
zbr,ir
sia,cn
err,us
lno,au
kiw,zm
rib,bo
glh,us
vgn,ph
uas,ke
unk,us
mmu,us
nlt,cn
mrd,ve
ybx,ca
kcs,au
mbl,us
cdr,us
bwe,de
rms,de
yag,ca
hzk,is
yvb,ca
myi,au
msl,us
yws,ca
pyc,pa
uld,za
acu,pa
hvr,us
ltt,fr
mjd,pk
gry,is
hro,us
gou,cm
elu,dz
kry,cn
int,us
ulx,za
mum,ke
uve,nc
ktf,nz
phx,us
gtz,tz
vpe,ao
som,ve
bww,id
mvp,co
ntb,no
pog,ga
igm,us
rkz,cn
lqm,co
aiu,ck
mpc,id
gpi,co
shr,us
yeh,ir
vif,it
yfs,ca
yhs,ca
sfd,ve
yvr,ca
kji,cn
xqu,ca
ciz,br
pmk,au
elg,dz
mji,ly
tbo,tz
tvy,mm
egm,sb
was,us
hnh,us
yaa,ca
cln,br
cmj,tw
luh,in
svz,ve
mod,us
nlv,ua
neu,la
atl,us
xms,ec
jiq,cn
rjh,bd
jiu,cn
gaf,tn
tgc,my
dsk,pk
mlk,us
zri,id
lcx,cn
nha,vn
xsc,tc
nus,vu
peu,hn
akl,nz
tdg,ph
tee,dz
lod,vu
bym,cu
dtt,us
ycl,ca
ykl,ca
mdu,pg
vct,us
chi,us
phx,us
zke,ca
skv,eg
stg,us
mbd,za
pnt,cl
zhy,cn
slh,vu
ajn,km
tbi,bs
kdw,lk
ggr,so
tex,us
pbu,mm
yqd,ca
wjr,ke
txg,tw
dfw,us
yco,ca
tzn,bs
iqn,cn
mck,us
uab,tr
rta,fj
yie,cn
hhr,us
jaf,lk
yek,ca
chi,us
vhc,ao
amv,ru
afz,ir
and,us
svc,us
ogd,us
erm,br
saq,bs
tpa,us
yfa,ca
yhk,ca
yzy,cn
frd,us
psz,bo
loo,dz
ymp,ca
lrf,us
myg,bs
kaa,zm
hou,us
auk,us
elp,us
lam,us
all,it
gdv,us
eda,us
ypa,ca
ymt,ca
piz,us
bkm,my
gde,et
vbv,fj
ptx,co
ici,fj
cat,bs
sry,ir
coq,mn
cic,us
ihr,ir
aso,et
pbp,cr
cmh,us
yho,ca
bkq,au
ker,ir
mcg,us
yvp,ca
wnr,au
sgq,id
ung,pg
yat,ca
yku,ca
ceg,uk
gmr,pf
zby,la
eae,vu
tpa,us
lmc,co
hue,et
gss,za
ess,de
fbs,us
dsi,us
byk,ci
trm,us
mgm,us
yxp,ca
iga,bs
lif,nc
mtb,co
ysm,ca
ktr,au
jhw,us
kgx,us
gbd,us
mjm,cd
cau,br
sdp,us
sdg,ir
nua,lk
fiz,au
xbo,bf
brt,au
aki,us
mcn,us
vlg,ar
pmq,ar
lvo,au
bmg,us
fie,uk
bcu,ng
snv,ve
waa,us
tov,vg
sss,pg
dks,ru
ygt,ca
lrv,ve
hgo,ci
meu,br
paf,ug
seb,ly
pho,us
fki,cd
bwi,us
ryl,zm
fut,wf
cri,bs
msp,us
tua,ec
yva,km
agn,us
uap,pf
amy,mg
vry,no
osm,iq
beu,au
mgt,au
mpw,ua
aot,it
nas,bs
gni,tw
bkw,us
olf,us
lgs,ar
ktn,us
llf,cn
leh,fr
cso,de
caq,co
bql,au
san,us
obu,us
xfw,de
mxb,id
kht,af
twt,ph
szy,pl
luo,ao
bsa,so
sai,sm
xmy,au
ruy,hn
wtz,nz
vme,ar
ggm,ke
psp,us
ybk,ca
mmd,jp
mex,mx
phc,ng
vey,is
zum,ca
tbj,tn
biu,is
caz,au
eoi,uk
vvz,dz
aaa,pf
tho,is
wfi,mg
hou,us
wca,cl
otd,pa
ydp,ca
mmg,au
tnm,aq
bzl,bd
tmx,dz
apc,us
ong,au
hoi,pf
kmv,mm
wpu,cl
bpl,cn
sat,us
orz,bz
ntt,to
ygx,ca
rby,us
inz,dz
ouk,uk
yio,ca
yhz,ca
yrb,ca
bxb,id
sze,et
kyd,tw
toh,vu
auu,au
wbm,pg
ndc,in
lgl,my
adh,ru
lkg,ke
rcm,au
wuz,cn
mnt,us
pkp,pf
axp,bs
glk,so
sic,tr
pgs,us
dfw,us
fkl,us
rtg,id
kga,cd
atl,us
ixi,in
irg,au
auy,vu
lps,us
pxr,th
hdb,de
spp,ao
sbr,au
snp,us
oti,id
lal,us
mtv,vu
ldz,za
knu,in
esd,us
syb,us
slo,us
cmk,mw
uts,ru
gic,au
yph,ca
cip,zm
bjb,ir
lbp,my
mlw,lr
rsj,us
esd,us
bim,bs
akr,ng
san,us
gal,us
mee,nc
yvm,ca
lkh,my
gym,mx
xgr,ca
yow,ca
mvb,ga
mwk,id
mgs,ck
mhu,au
tou,nc
ryo,ar
tal,us
vtg,vn
bdd,au
fac,pf
rlo,ar
ksm,us
ync,ca
tlt,us
meg,ao
rsh,us
crp,us
iam,dz
mjc,ci
okl,id
pve,pa
myp,tm
pbl,ve
cjl,pk
ira,sb
tjh,jp
jol,ph
slx,tc
knq,nc
ybv,ca
rce,us
wun,au
jem,us
tme,co
clm,us
bnc,cd
sab,an
rzr,ir
hyg,us
wbb,us
mvr,cm
lix,mw
gyl,au
mnx,br
hev,es
llb,cn
phf,us
rur,pf
oia,br
kot,us
mvt,pf
sje,co
top,us
tlk,is
luc,fj
kpv,us
kes,ca
sdt,pk
nlf,au
tbg,pg
kdb,au
vsg,ua
bmw,dz
kcl,us
cdb,us
ygl,ca
ygw,ca
kwm,au
uol,id
ssr,vu
fld,us
yow,ca
hnl,us
kyp,mm
vhz,pf
moi,ck
tca,au
fbe,br
tcl,us
bld,us
szi,kz
lma,us
ntl,au
ghc,bs
sys,kr
mxj,ng
ftw,us
tiw,us
wsx,us
kkx,jp
cmd,au
swo,us
lzr,au
yub,ca
gam,us
aou,la
atj,mg
anc,us
lkb,fj
sat,us
ngd,vg
hkb,us
mtm,us
yut,ca
gpz,us
gpn,au
ykq,ca
pak,us
gum,gu
laf,us
tgr,dz
kxn,th
bwi,us
fyu,us
mwf,vu
yab,ca
nib,us
ybb,ca
wlh,vu
bbo,so
rrr,pf
ynp,ca
esr,cl
yoc,ca
shc,et
shh,us
yav,ca
svi,co
ycy,ca
svp,ao
yvz,ca
koc,nc
ycs,ca
siq,id
kol,cf
vls,vu
edr,au
ygv,ca
snb,au
sva,us
dba,pk
tub,pf
ypm,ca
swj,vu
kpo,kr
yux,ca
elf,sd
klg,us
mse,uk
sau,id
sjy,fi
ptk,us
csg,us
nui,us
chy,sb
exi,us
stl,us
muk,ck
kvl,us
rus,sb
glv,us
ykg,ca
wwt,us
tcg,cn
rmt,pf
nda,id
ymn,ca
kwn,us
jgd,cn
ulb,vu
mjr,ar
ook,us
teh,us
bru,be
crz,tm
cga,us
nnl,us
kxf,fj
zdy,ae
jjm,ke
tgh,vu
gbl,au
ysk,ca
ugi,us
mll,us
tct,us
olh,us
foa,uk
zem,ca
bbh,de
rua,ug
wmr,mg
zfm,ca
rud,ir
kac,sy
eyw,us
xbj,ir
tkx,pf
kae,us
lsa,pg
osk,se
yop,ca
hwd,us
cyf,us
msy,us
vaf,fr
ywb,ca
bst,af
rka,pf
tra,jp
vao,sb
ani,us
tnk,us
abl,us
pjg,pk
pip,us
pio,pe
psv,uk
wtk,us
wsn,us
cgj,zm
wot,tw
wns,pk
pdb,us
ram,au
aet,us
wlk,us
odn,my
whd,us
mem,us
yaq,ca
npo,id
niu,pf
orf,us
akb,us
rna,sb
rnl,sb
cqd,ir
nac,au
yzs,ca
mzw,dz
myu,us
yyv,id
cuq,au
anv,us
cur,an
moa,cu
apk,pf
def,ir
atk,us
mkp,pf
eaa,us
may,bs
ebg,co
yvc,ca
axf,cn
lcr,co
lak,ca
kwz,cd
emk,us
und,af
kwt,us
kwg,ua
ktb,us
bdf,us
ubb,au
bei,et
kpn,us
koz,us
koo,cd
ypc,ca
bfc,au
kkh,us
khz,pf
orn,dz
hae,us
iwo,jp
bky,cd
hhz,pf
hix,pf
pou,us
phl,us
yhi,ca
plb,us
aay,ye
htm,mn
cao,us
wwi,au
zta,pf
pta,us
tla,us
chu,us
raq,id
cik,us
rcq,ar
ain,us
nnb,sb
clp,us
ipa,vu
tjg,id
yax,ca
irc,us
akp,us
akv,ca
alu,so
tid,dz
vrk,fi
gts,au
ykt,ca
jcb,br
myz,mw
jna,br
ysw,ca
vpn,is
jom,tz
jqe,pa
jwn,ir
cup,ve
kax,au
mwh,us
taz,tm
muw,dz
ryl,zm
mpp,pa
bfq,pa
mog,mm
khd,ir
czj,pa
mnh,lk
scz,sb
kka,us
mly,us
lpd,co
ebo,mh
klw,us
lne,vu
kmc,sa
kmu,so
eek,us
smk,us
vak,us
sqt,pg
elv,us
yso,ca
srv,us
gjr,is
kvm,ru
kuk,us
sut,tz
ktd,jp
bdh,ir
frg,us
ulg,mn
bed,us
kin,jm
kts,us
kug,au
uah,pf
kvc,us
sst,ar
ghe,pa
fnl,us
kwk,us
ysf,ca
bau,br
koy,us
fmi,cd
gnu,us
ypx,ca
ytg,ca
knw,us
ytl,ca
lah,id
uyl,sd
sov,us
knd,cd
liq,cd
axr,pf
ypo,ca
ypn,ca
kmy,us
llv,cn
ygb,ca
sld,sk
tor,us
kln,us
kki,us
skk,us
geg,us
lur,us
sim,pg
ppv,us
mal,id
ebd,sd
mdk,cd
ywj,ca
seo,ci
att,us
vee,us
ygg,ca
dly,vu
ygh,ca
atd,sb
syj,ir
mmz,af
yxn,ca
syu,au
scm,us
mns,zm
aqa,br
gob,et
vne,fr
ynl,ca
mou,us
kek,us
gsa,my
mtw,us
any,us
yyh,ca
bux,cd
kcc,us
muz,tz
yna,ca
mxh,pg
kal,us
rox,us
anb,us
joh,za
ymf,ca
tgv,bg
ybh,ca
atl,us
hcr,us
crc,co
nai,gy
vuu,mw
ita,br
nar,co
cnh,us
ird,bd
nfo,to
nge,cm
akf,ly
tqr,it
clw,us
ral,us
inb,bz
aiy,us
nki,us
nme,us
tke,us
ckx,us
bmd,mg
ckd,us
zfn,ca
nuk,pf
nzk,nz
san,us
rcy,bs
yik,ca
rbv,sb
tkj,us
zjt,my
yif,ca
zkg,ca
ila,id
aeg,id
zlt,ca
wna,us
opu,pg
osh,us
otu,co
pun,cd
pud,ar
ptu,us
ifp,us
wtl,us
acs,ru
acr,co
zsj,ca
ian,us
cdl,us
bmy,nc
cbi,au
hus,us
tnc,us
pla,co
hpb,us
xmh,pf
loc,au